OTU id;count;E00944148;E00944149;E00944151;E00944152;E00944153;E00944154;E00944155;E00944156;E00944157;E00944160;E00944167;E00963469;E00963471;E00963474;E00963476;E00963478;E00963482;E00963484;E00963485;E00963490;E00963491;E00963492;E00963493;E00963496;E00963497;E00963498;E00963499;E00963500;E00963501;E00963502;E00963505;E00963506;E00963508;E00963509;E00963510;E00963511;E00963512;E00963740;E00963743;E00963746;E00963750;E00963751;E00963753;E00963757;E00963761;E00963764;E00963842;E00963843;E00963845;E00963846;E00963848;E00963850;E00963852;E00963853;E00963855;E00963856;E00963857;E00963859;E00963864;E00982230;E00982232;E00982233;E00982239;E00982241;E00982252;E00982256;E00982258;E00982259;E00982260;E00982262;E00982264;E00982266;E00982271;E00982273;E00982477;E00982478;E00982480;E00982481;E00982487;E00982488;E00982489;E00982490;E00982493;E00982494;E00982496;E00982497;E00982499;E00982501
M68YD:03993:06478_SUB_SUB;181;0;0;0;0;0;0;0;0;0;0;181;0;0;0;0;0;0;0;0;0;0;0;0;0;0;0;0;0;0;0;0;0;0;0;0;0;0;0;0;0;0;0;0;0;0;0;0;0;0;0;0;0;0;0;0;0;0;0;0;0;0;0;0;0;0;0;0;0;0;0;0;0;0;0;0;0;0;0;0;0;0;0;0;0;0;0;0;0
M68YD:02282:06792_SUB_SUB;102;0;0;0;0;0;0;0;0;0;0;0;0;6;0;2;0;2;7;9;0;0;0;4;1;2;0;0;0;0;0;0;0;0;0;9;0;0;0;0;0;1;0;0;0;0;0;0;0;0;0;0;0;0;0;0;0;1;50;1;0;0;0;0;0;0;0;0;1;1;0;0;0;1;0;0;0;0;0;0;0;0;0;0;0;0;4;0;0
M68YD:00430:04024_SUB_SUB;161;0;0;0;0;0;0;0;0;0;0;2;0;0;0;0;1;1;6;0;0;2;0;1;0;4;0;0;0;0;0;0;0;0;0;4;0;0;0;0;0;0;4;0;0;0;0;0;0;0;0;0;0;0;0;0;0;5;105;0;0;0;0;0;0;0;1;0;8;0;0;0;0;11;0;0;0;0;0;2;0;0;0;0;0;0;4;0;0
M68YD:05254:06250_SUB_SUB;1558;3;0;0;0;0;1;0;7;10;6;19;11;1;0;21;7;5;47;0;0;23;0;11;9;62;0;0;0;0;0;0;0;0;0;0;0;0;3;2;0;2;21;141;2;13;0;0;0;0;0;0;0;0;0;0;0;51;826;1;9;0;0;0;0;0;63;1;20;6;0;0;0;120;2;0;0;0;0;1;0;0;0;0;0;0;30;0;1
M68YD:04734:05861_SUB_SUB;121;0;0;0;0;0;0;0;0;3;0;0;0;0;0;1;1;1;7;0;0;1;0;0;2;1;0;0;0;0;0;0;0;0;0;0;0;0;0;0;0;0;2;12;0;0;0;0;0;0;0;0;0;0;0;0;0;1;76;0;0;0;0;0;0;0;3;0;2;0;0;0;0;8;0;0;0;0;0;0;0;0;0;0;0;0;0;0;0
M68YD:04150:06820_SUB_SUB;754;0;2;0;0;0;0;0;0;7;0;15;12;0;0;54;0;24;129;291;0;4;0;0;0;78;0;0;0;0;0;0;0;0;0;0;0;0;0;0;0;0;0;0;0;1;0;0;0;0;42;0;0;0;0;0;0;34;0;0;20;0;0;0;0;0;0;0;0;0;0;0;0;0;0;0;0;0;0;9;0;0;0;0;0;0;31;0;1
M68YD:00938:05092_SUB_SUB;1340;1;3;0;0;1;3;0;11;16;3;42;14;5;0;4;9;17;126;0;1;25;0;35;51;104;0;0;0;0;0;0;0;0;0;0;0;0;2;20;0;0;24;542;1;17;0;0;0;0;0;0;0;0;0;0;0;84;0;0;8;0;0;0;1;0;29;58;40;0;2;1;0;0;1;0;0;0;0;14;0;0;0;0;0;0;23;0;2
M68YD:04727:04059_SUB_SUB;4021;0;3;0;1;0;1;0;8;5;5;29;9;0;0;1;13;32;17;148;0;21;0;7;0;113;0;0;1;0;0;0;0;0;0;20;0;0;4;0;0;24;21;0;6;2;0;0;0;0;0;0;0;0;0;0;0;69;2324;498;16;0;0;0;2;0;45;0;35;0;0;0;0;487;2;0;0;0;0;17;0;0;0;0;0;0;35;0;0
M68YD:01648:04843_SUB_SUB;338;0;0;0;0;0;0;0;1;1;1;1;0;0;0;0;1;5;0;8;0;0;0;0;0;5;0;0;0;0;0;0;0;0;0;2;0;0;1;0;0;0;1;0;0;0;0;0;0;0;0;0;0;0;0;0;0;3;248;25;1;0;0;0;0;0;2;1;1;0;0;0;0;27;0;0;0;0;0;1;0;0;0;0;0;0;2;0;0
M68YD:02661:05658_SUB_SUB;180;0;0;0;0;0;0;0;0;1;0;0;0;0;0;0;0;1;2;5;0;0;0;0;0;6;0;0;0;0;0;0;0;0;0;0;0;0;0;0;0;0;1;0;0;0;0;0;0;0;0;0;0;0;0;0;0;2;112;22;2;0;0;0;1;0;3;0;5;0;0;0;0;17;0;0;0;0;0;0;0;0;0;0;0;0;0;0;0
M68YD:00508:02492_SUB_SUB;189;0;0;0;0;0;0;0;0;0;0;0;0;0;0;0;0;2;0;1;0;1;0;0;0;1;0;0;0;0;0;0;0;0;0;0;0;0;1;0;0;0;0;0;0;0;0;0;0;0;0;0;0;0;0;0;0;0;149;0;1;0;0;0;0;0;6;0;0;0;0;0;0;27;0;0;0;0;0;0;0;0;0;0;0;0;0;0;0
M68YD:03513:07345_SUB_SUB;174;0;0;0;0;0;0;0;0;1;0;0;1;0;0;0;0;6;1;16;0;1;0;0;0;5;0;0;0;0;0;0;0;0;0;1;0;0;1;0;0;0;1;0;0;0;0;0;0;0;0;0;0;0;0;0;0;1;71;53;1;0;0;0;0;0;1;0;1;0;0;0;0;7;0;0;0;0;0;0;0;0;0;0;0;0;5;0;0
M68YD:03991:06442_SUB_SUB;806315;1917;5813;554;442;555;644;394;3347;14402;12163;16815;2419;1870;140;13130;1661;10262;40742;20790;150;38565;1;23939;4956;26448;127;11781;13305;20;1928;1;42;50676;2;14834;6;326;3689;3523;132;17655;21331;57041;1144;10438;17;2686;8392;310;60077;0;4;10;0;0;89;23011;16356;60036;6849;0;61;12;537;0;22260;28162;28270;20767;2700;5944;909;21566;2885;126;1;1;850;10336;1;97;0;632;231;4;30948;0;1058
M68YD:03989:06795_SUB_SUB;80285;143;483;43;17;44;42;20;466;1277;1185;1573;240;154;3;1006;169;1038;4133;1134;10;4805;0;3487;357;2819;7;595;1221;3;122;0;4;3606;0;723;0;20;385;251;4;1588;2564;5965;103;1041;1;164;688;28;5813;0;0;0;0;0;3;2835;1629;5427;660;0;1;0;65;0;2996;3696;3140;1230;218;562;111;2402;407;6;0;0;67;1283;0;5;0;76;19;0;3801;0;102
M68YD:04055:06992_SUB_SUB;18944;32;108;15;3;11;12;3;153;282;358;454;73;23;0;163;38;144;914;130;1;1038;0;924;77;844;0;54;300;1;14;0;0;541;0;81;0;3;85;48;0;418;774;1424;17;340;0;21;96;2;1146;0;0;0;0;0;0;824;321;1290;156;0;3;0;9;0;707;947;909;188;44;134;14;668;84;0;0;0;6;355;0;0;0;10;0;0;1084;0;26
M68YD:00955:06289_SUB_SUB;4194;14;29;2;0;6;2;1;14;60;70;85;11;3;0;55;13;40;169;59;0;237;0;174;22;145;0;46;76;0;10;0;0;165;0;58;0;1;20;15;0;90;120;306;8;71;0;11;44;1;353;0;0;0;0;0;0;169;120;308;29;0;0;0;4;0;119;167;153;66;13;34;8;127;15;0;0;0;2;51;1;0;0;2;1;0;189;0;10
M68YD:00056:02263_SUB_SUB;3464;9;19;0;0;3;3;1;25;52;70;92;19;2;0;35;4;27;149;13;0;141;0;185;8;158;0;6;51;0;1;0;0;104;0;6;0;0;14;6;0;76;149;266;1;53;0;2;10;0;231;0;0;0;0;0;0;167;39;234;22;0;0;0;2;0;125;217;169;27;9;19;0;105;13;0;0;0;0;68;0;0;0;3;0;0;250;0;4
M68YD:00644:05119_SUB_SUB;311;1;1;0;0;0;0;0;2;4;6;8;0;1;0;4;0;2;15;6;0;21;0;10;1;9;0;4;4;0;3;0;0;16;0;2;1;0;2;1;1;4;7;28;1;6;0;0;4;0;24;0;0;0;0;0;0;7;6;23;1;0;0;0;0;0;9;12;16;7;0;6;0;8;1;0;0;0;0;2;0;0;0;0;0;0;13;0;1
M68YD:00528:03587_SUB_SUB;894;4;3;2;0;0;0;0;6;8;16;21;5;2;0;12;3;7;42;8;1;55;0;54;5;31;0;5;15;0;0;0;0;37;0;3;0;0;7;1;0;10;43;58;1;16;0;1;4;0;51;0;0;0;0;0;0;37;28;51;8;0;0;0;0;0;40;50;41;5;2;5;2;32;3;0;0;0;0;11;0;0;0;1;1;0;40;0;0
M68YD:02930:03423_SUB_SUB;295;2;6;0;0;0;0;0;1;4;6;9;2;1;0;5;0;0;14;0;0;7;0;14;2;13;0;1;4;0;0;0;0;5;0;0;0;0;1;3;0;13;10;25;0;3;0;0;1;0;18;0;0;0;0;0;0;8;3;26;1;0;0;0;0;0;6;29;18;4;0;2;0;7;0;0;0;0;0;4;0;0;0;1;0;0;15;0;1
M68YD:00753:05506_SUB_SUB;302;0;3;0;0;1;1;0;0;9;3;6;1;0;0;3;0;1;15;4;0;25;0;22;0;21;0;0;3;0;1;0;0;6;0;1;0;0;0;0;0;7;8;18;0;6;0;0;1;0;21;0;0;0;0;0;0;14;3;15;1;0;0;0;0;0;15;10;20;1;0;1;0;9;1;0;0;0;1;6;0;0;0;0;0;0;18;0;0
M68YD:04032:06409_SUB_SUB;14305;21;73;8;9;4;8;2;59;220;162;212;36;30;0;205;22;254;720;345;3;770;0;430;85;501;2;154;165;1;34;0;2;702;0;154;0;5;83;48;2;227;436;1251;29;152;0;53;109;3;1008;0;0;0;0;0;1;472;560;1006;163;0;0;0;14;0;775;547;363;319;63;108;17;412;82;4;0;0;9;171;0;2;0;11;8;0;385;0;14
M68YD:04032:06469_SUB_SUB;159254;190;652;50;110;119;43;29;635;2719;1989;1700;401;250;18;1380;185;3841;10175;3122;31;7228;0;4829;783;6533;29;1749;1621;10;546;0;5;4736;0;1051;1;112;1161;547;26;1907;5814;15814;365;1460;2;564;750;63;11277;0;1;3;0;0;23;5498;6572;9906;1943;1;5;6;124;0;9360;6401;3457;5019;581;1324;223;5523;1019;28;0;1;178;1613;0;28;0;143;124;1;3285;0;242
M68YD:04058:06748_SUB_SUB;2430;1;13;0;2;2;1;0;8;35;33;36;8;5;3;36;6;42;115;47;0;134;0;84;14;88;0;19;31;0;5;0;1;173;0;32;0;0;7;12;1;50;65;192;4;25;0;12;27;0;177;0;0;0;0;0;0;70;41;209;24;0;0;1;2;0;79;87;66;49;4;14;2;91;14;1;0;0;4;37;0;0;0;2;0;0;84;0;3
M68YD:04162:06984_SUB_SUB;4841;5;24;3;3;2;1;3;22;85;64;57;19;9;2;52;9;101;310;123;1;267;0;135;28;217;3;82;70;2;18;0;0;200;0;63;0;1;38;17;0;73;131;357;11;69;0;16;20;8;319;0;0;0;0;0;0;194;166;265;57;0;0;0;2;0;270;144;137;142;20;48;8;144;24;3;0;0;4;47;0;1;0;5;2;0;114;0;4
M68YD:00529:01969_SUB_SUB;2376;3;7;2;0;0;0;1;9;40;20;29;5;8;0;18;2;62;144;57;2;116;0;69;10;120;2;29;31;0;7;0;1;102;0;13;0;2;10;7;0;35;91;174;3;26;1;7;17;0;195;0;0;0;0;0;0;101;94;140;36;0;0;0;2;0;103;86;69;71;11;29;4;59;12;1;0;0;3;21;0;0;0;3;3;0;46;0;5
M68YD:04072:06809_SUB_SUB;3101;11;3;0;1;0;4;0;0;18;10;29;4;0;0;41;0;63;1;0;0;90;0;126;10;38;0;88;24;0;0;0;0;256;0;34;0;0;14;8;0;47;50;313;1;7;0;0;83;0;350;0;0;0;0;0;0;166;589;419;16;0;0;0;0;0;24;64;13;15;0;4;0;49;2;0;0;0;0;10;0;5;0;1;0;0;0;0;0
M68YD:04112:06604_SUB_SUB;11347;7;36;3;4;6;0;2;51;170;124;95;26;9;0;75;16;247;659;142;2;727;0;478;32;424;1;74;78;0;18;0;0;248;0;32;0;2;85;30;1;103;489;1066;26;86;0;28;55;1;820;0;0;0;0;0;0;388;611;621;114;0;0;0;12;0;969;541;222;197;39;77;21;398;95;1;0;0;9;118;0;1;0;6;8;0;309;0;12
M68YD:04506:06588_SUB_SUB;1086;3;8;1;0;1;0;0;7;19;17;25;5;3;0;21;0;14;70;27;0;43;0;25;5;35;0;15;13;0;3;0;0;53;0;15;1;2;3;3;0;19;35;95;2;8;0;4;15;1;80;0;0;0;0;0;0;30;27;72;9;0;1;0;1;0;30;40;27;38;1;9;2;39;4;0;0;0;2;18;0;0;0;0;0;0;40;0;0
M68YD:04628:06475_SUB_SUB;1043;0;5;0;0;1;0;1;1;11;14;16;1;1;0;10;1;8;61;16;0;86;0;47;3;29;0;6;12;0;1;0;0;50;0;12;0;1;5;2;0;22;24;79;3;7;0;2;5;1;104;0;0;0;0;0;0;35;16;71;13;0;0;0;0;0;51;43;50;17;3;9;0;27;5;1;0;0;1;14;0;1;0;1;0;0;37;0;0
M68YD:00998:06236_SUB_SUB;466;1;2;1;0;0;0;0;2;4;7;11;2;0;0;5;0;7;13;4;0;23;0;19;5;14;0;4;8;0;0;0;0;25;0;3;0;0;3;2;0;9;19;39;0;5;0;0;6;0;32;0;0;0;0;0;1;25;10;30;8;0;0;0;0;0;18;18;20;12;2;1;0;18;5;0;0;0;0;6;0;0;0;0;0;0;17;0;0
M68YD:01227:06271_SUB_SUB;2096;8;3;1;0;2;1;0;7;24;22;25;6;3;0;22;5;37;100;28;0;163;0;68;10;77;0;12;22;1;5;0;0;59;0;10;0;2;9;6;1;19;60;198;6;24;0;4;13;0;146;0;0;0;0;0;0;71;103;132;22;0;0;0;0;0;159;83;64;28;6;20;4;77;8;0;0;0;2;33;0;1;0;2;3;0;66;0;3
M68YD:01319:06264_SUB_SUB;620;1;5;1;0;1;0;0;5;7;21;7;5;2;0;16;1;6;27;18;0;16;0;15;2;19;0;15;14;0;1;0;0;36;0;18;0;0;3;2;0;15;17;45;0;10;0;1;6;0;47;0;1;0;0;0;0;13;22;33;5;0;0;0;0;0;20;15;19;24;3;6;0;17;2;0;0;0;0;9;0;0;0;0;0;0;26;0;0
M68YD:00279:01066_SUB_SUB;413;0;0;1;1;0;0;0;1;2;8;2;0;0;0;7;1;5;27;3;0;24;0;12;2;11;0;2;4;0;2;0;0;9;0;0;0;0;3;1;0;3;13;29;1;1;0;1;3;0;33;0;0;0;0;0;0;17;32;26;6;0;0;0;0;0;33;24;12;5;0;5;1;14;4;0;0;0;2;4;0;0;0;0;0;0;16;0;0
M68YD:03354:01288_SUB_SUB;876;2;6;1;0;1;0;0;4;20;14;10;0;3;0;12;5;18;49;15;2;57;0;22;4;36;0;9;10;0;1;0;0;28;0;5;0;1;5;4;1;21;19;64;2;11;0;0;9;0;57;0;0;0;0;0;1;40;19;51;4;0;0;0;0;0;35;38;39;18;1;9;1;26;3;0;0;0;0;15;0;0;0;0;0;0;48;0;0
M68YD:03530:01749_SUB_SUB;160;0;1;0;0;0;0;0;0;2;1;0;0;0;0;3;0;2;3;0;0;10;0;4;0;6;0;1;1;0;0;0;0;6;0;2;0;0;1;1;0;4;7;14;0;1;0;0;2;0;12;0;0;0;0;0;0;8;10;13;0;0;0;0;0;0;9;7;2;4;0;1;0;7;2;0;0;0;0;2;0;0;0;1;0;0;9;0;1
M68YD:05163:01632_SUB_SUB;510;4;1;1;0;0;0;0;2;8;6;5;3;4;0;4;3;5;28;4;0;34;0;19;4;17;0;9;8;0;0;0;0;8;0;3;0;0;1;3;0;8;23;41;3;5;0;0;2;0;26;0;0;0;0;0;0;20;25;15;11;0;0;0;0;0;42;12;23;12;0;5;0;19;6;1;0;0;0;9;0;0;0;0;0;0;17;0;1
M68YD:01067:03351_SUB_SUB;327;0;1;0;0;0;0;0;1;3;3;5;0;1;0;3;1;6;15;4;0;21;0;12;1;10;0;2;6;0;1;0;0;15;0;2;0;0;3;1;0;1;12;28;1;1;0;1;1;0;45;0;0;0;0;0;0;10;23;23;1;0;0;0;0;0;15;9;8;9;0;3;1;4;4;0;0;0;0;3;0;0;0;0;1;0;5;0;1
M68YD:01572:04764_SUB_SUB;418;1;2;0;1;0;0;0;0;1;0;11;0;0;0;1;2;0;11;0;0;24;0;19;7;4;0;3;15;0;0;0;0;55;0;0;0;0;2;0;0;0;14;18;0;1;1;0;0;0;5;0;0;0;0;0;0;40;52;43;0;0;0;0;0;0;14;15;9;1;0;0;0;16;2;0;0;0;0;3;0;0;0;0;0;0;25;0;0
M68YD:04127:07023_SUB_SUB;200;1;0;0;0;0;0;0;1;4;2;5;0;0;0;5;0;3;13;6;0;5;0;3;0;7;1;2;4;0;1;0;0;7;0;5;0;0;2;1;0;5;7;19;0;2;0;0;1;0;17;0;0;0;0;0;0;7;7;14;3;0;0;0;0;0;8;8;2;0;0;2;0;5;2;0;0;0;2;5;0;0;0;0;0;0;6;0;0
M68YD:00275:02146_SUB_SUB;257;0;2;0;0;0;1;0;2;10;4;3;1;0;0;4;0;5;14;1;0;13;0;11;0;18;0;2;4;0;0;0;0;4;0;0;0;0;1;0;0;7;8;24;0;5;0;0;1;0;15;0;0;0;0;0;0;14;5;14;2;0;0;0;0;0;5;9;12;2;0;1;0;8;0;0;0;0;0;2;0;0;0;0;0;0;23;0;0
M68YD:00405:02464_SUB_SUB;3826;2;14;0;0;2;0;0;31;61;59;45;10;1;0;19;7;60;204;14;0;274;0;188;11;204;0;8;33;0;3;0;0;39;0;2;0;1;30;13;0;45;210;378;10;50;0;3;10;0;225;0;0;0;0;0;0;215;117;188;36;0;1;0;0;0;254;197;111;52;6;21;4;144;30;1;0;0;0;46;0;0;0;4;0;0;126;0;7
M68YD:00494:00898_SUB_SUB;229;1;1;0;0;0;0;0;1;2;6;2;0;1;0;4;0;3;9;1;0;13;0;13;2;8;0;2;3;0;0;0;0;13;0;3;0;0;1;0;0;3;5;21;0;1;0;1;0;0;15;0;0;0;0;0;0;8;5;17;3;0;0;0;0;0;13;8;13;4;0;0;1;9;1;0;0;0;0;4;0;0;0;0;0;0;7;0;1
M68YD:00073:03336_SUB_SUB;707;2;3;0;0;0;2;0;1;9;11;12;4;0;0;5;0;8;38;6;0;48;0;32;3;41;0;0;4;0;0;0;0;12;0;0;0;0;2;1;0;8;28;66;0;15;0;1;2;0;30;0;0;0;0;0;0;30;18;47;9;0;0;0;2;0;48;43;37;3;1;2;0;26;0;0;0;0;0;11;0;0;0;2;0;0;32;0;2
M68YD:04724:03959_SUB_SUB;162;1;1;0;1;1;0;0;2;1;4;3;0;0;0;0;0;2;10;2;0;13;0;5;0;5;0;0;2;0;0;0;0;5;0;0;0;0;1;0;0;1;12;10;2;2;0;1;0;0;14;0;0;0;0;0;0;9;9;10;0;0;0;0;0;0;6;10;3;1;1;0;0;3;1;0;0;0;0;1;0;0;0;0;0;0;7;0;0
M68YD:04725:05631_SUB_SUB;128;0;0;0;0;0;0;0;1;6;1;2;0;0;0;1;0;4;5;1;0;11;0;9;0;12;0;0;3;0;0;0;0;7;0;0;0;0;0;1;0;3;7;6;0;1;0;0;0;0;5;0;0;0;0;0;0;3;2;7;0;0;0;0;1;0;8;7;3;2;0;1;0;1;1;0;0;0;0;0;0;0;0;0;0;0;5;0;1
M68YD:00261:02012_SUB_SUB;673;0;3;1;1;0;0;0;3;8;19;9;1;1;0;4;0;11;33;1;0;38;0;27;1;47;0;1;5;0;1;0;0;11;0;0;0;0;1;1;0;4;50;64;0;9;0;1;2;0;42;0;0;0;0;0;0;43;13;26;3;0;0;0;0;0;47;53;16;4;0;7;1;17;3;0;0;0;0;11;0;0;0;0;0;0;28;0;1
M68YD:04718:05912_SUB_SUB;153;1;1;0;0;0;0;0;2;1;0;6;1;0;0;0;0;0;5;0;0;13;0;3;3;12;0;0;3;0;0;0;0;4;0;0;0;0;2;0;0;2;6;9;2;5;0;0;2;0;7;0;0;0;0;0;0;2;1;11;1;0;0;0;0;0;12;7;8;1;0;1;1;6;2;0;0;0;0;1;0;0;0;1;0;0;8;0;0
M68YD:00314:06605_SUB_SUB;109;0;2;0;0;0;0;0;1;0;0;3;0;0;0;1;0;2;12;0;0;3;0;2;0;3;0;1;1;0;1;0;0;8;0;0;0;0;2;0;0;1;2;8;0;1;0;2;2;0;12;0;0;0;0;0;0;1;6;10;0;0;0;0;0;0;5;3;2;2;0;0;0;2;0;0;0;0;0;5;0;0;0;0;0;0;3;0;0
M68YD:04000:06404_SUB_SUB;5432;8;24;2;3;2;0;4;20;76;55;46;17;11;0;30;7;130;406;100;0;318;0;145;31;198;1;78;58;0;15;0;0;180;0;39;0;3;53;22;0;68;151;560;12;53;0;21;24;3;333;0;0;0;0;0;0;155;255;244;84;0;0;0;5;0;383;128;118;191;28;60;8;208;32;0;0;0;9;64;0;1;0;9;3;0;129;0;11
M68YD:04246:06614_SUB_SUB;354;0;4;1;0;0;1;0;1;4;10;5;0;0;0;6;0;4;21;6;0;16;0;17;2;12;0;8;6;0;0;0;0;18;0;5;0;0;5;2;0;6;6;28;1;8;0;4;2;1;29;0;0;0;0;0;0;13;3;26;3;0;0;0;0;0;7;10;11;11;0;1;0;14;0;0;0;0;0;4;0;0;0;0;0;0;12;0;0
M68YD:04238:07024_SUB_SUB;919;2;1;0;0;0;0;1;3;14;9;4;0;0;0;5;1;26;45;16;0;64;0;18;3;40;0;5;3;0;0;0;0;21;0;3;0;1;1;1;0;14;32;102;1;11;0;6;3;0;61;0;0;0;0;0;0;51;70;47;14;0;0;0;0;0;88;22;16;16;3;6;1;32;11;0;0;0;3;3;0;0;0;1;3;0;15;0;0
M68YD:04299:06473_SUB_SUB;1982;1;11;1;1;1;1;1;7;50;34;39;14;6;1;30;3;40;97;45;0;98;0;46;11;52;0;26;28;0;8;0;0;96;0;24;0;1;9;13;0;33;57;166;5;21;0;4;20;0;127;0;0;0;0;0;1;60;53;150;24;0;0;0;1;0;69;79;45;53;6;17;0;60;13;0;0;0;1;28;0;0;0;4;3;0;82;0;5
M68YD:04359:06492_SUB_SUB;8807;8;15;5;4;4;1;0;22;84;46;46;17;2;0;37;4;426;822;87;11;828;0;144;35;310;1;53;40;0;21;0;0;136;0;27;0;6;130;20;0;41;244;998;27;54;0;44;20;3;302;0;0;0;0;0;5;220;669;275;135;0;0;0;3;0;1098;198;114;192;24;60;12;431;50;2;0;0;20;49;0;3;0;11;14;0;87;0;10
M68YD:04455:06838_SUB_SUB;15625;9;28;3;6;9;2;2;30;193;131;74;21;6;1;58;4;855;1738;174;4;1124;0;296;108;586;0;135;120;0;58;0;2;274;0;30;0;19;213;34;3;57;670;1870;51;72;0;91;36;8;555;0;0;0;0;0;1;624;945;489;275;0;1;0;16;0;1247;337;226;385;62;107;19;731;123;1;0;0;25;56;0;0;0;14;19;0;135;0;27
M68YD:04548:06640_SUB_SUB;2603;5;15;1;1;5;0;1;10;41;17;27;3;5;1;21;4;79;192;39;1;92;0;73;7;128;1;37;36;0;20;0;0;48;0;21;0;3;21;10;1;33;127;292;11;35;0;16;11;1;131;0;0;0;0;0;0;95;100;123;27;0;0;0;1;0;114;97;44;107;10;14;1;135;16;1;0;0;7;21;0;1;0;2;1;0;58;0;5
M68YD:04624:06592_SUB_SUB;365;0;0;0;0;0;0;1;0;6;6;7;2;2;0;2;0;7;19;11;0;18;0;13;2;9;0;8;3;0;0;0;0;16;0;3;0;0;1;1;2;2;10;32;0;3;0;1;2;0;33;0;0;0;0;0;0;10;13;31;9;0;0;0;0;0;18;17;11;7;0;4;1;12;1;0;0;0;0;2;0;0;0;0;0;0;7;0;0
M68YD:00881:06035_SUB_SUB;531;0;3;0;0;0;0;0;1;6;5;8;0;0;0;8;1;8;14;17;0;38;0;28;1;16;0;11;2;0;1;0;0;20;0;6;0;0;3;2;0;8;12;30;0;5;0;1;4;0;52;0;0;0;0;0;0;19;13;51;10;0;0;0;0;0;25;21;20;14;0;12;1;9;5;2;0;0;2;5;0;0;0;0;0;0;10;0;1
M68YD:00042:01930_SUB_SUB;1840;2;1;0;0;1;0;0;7;16;8;9;4;1;0;10;1;87;187;33;5;223;0;37;12;51;0;16;12;0;10;0;0;24;0;3;0;3;21;3;1;14;46;138;1;5;0;12;2;2;71;0;0;0;0;0;0;69;92;49;33;0;0;0;2;0;213;27;25;60;11;17;2;106;14;0;0;0;1;10;0;0;0;2;2;0;24;0;2
M68YD:00187:02012_SUB_SUB;186;2;2;0;1;1;0;0;0;3;4;5;1;2;0;3;0;4;10;3;0;26;0;6;1;19;0;1;1;0;1;0;0;1;0;2;0;0;1;1;0;2;5;13;0;1;0;0;0;0;9;0;0;0;0;0;0;11;1;9;0;0;0;0;0;0;1;5;16;1;0;1;0;3;0;0;0;0;0;1;0;0;0;0;0;0;6;0;0
M68YD:00249:02400_SUB_SUB;273;0;4;0;0;0;0;0;3;3;2;7;1;0;0;4;0;3;12;4;0;16;0;11;1;11;0;1;4;0;2;0;0;12;0;6;0;0;0;0;0;3;11;33;1;1;0;1;1;0;18;0;0;0;0;0;0;17;2;19;1;0;0;0;0;0;4;14;18;6;0;0;0;11;0;0;0;0;0;0;0;0;0;0;0;0;4;0;1
M68YD:00271:02235_SUB_SUB;1402;2;6;1;0;2;1;1;4;23;12;17;1;2;0;23;3;21;57;35;1;70;0;53;4;43;1;14;10;0;3;0;0;98;0;19;0;0;14;5;1;28;41;118;2;13;0;5;12;0;101;0;0;0;0;0;0;45;34;112;14;0;0;0;0;0;49;67;59;21;7;8;0;47;5;0;0;0;1;19;0;0;0;1;0;0;45;0;1
M68YD:00312:02366_SUB_SUB;581;1;5;0;0;0;0;0;3;7;5;8;0;2;1;2;1;16;28;9;1;33;0;21;2;11;0;4;6;0;2;0;0;31;0;10;0;0;3;2;0;9;27;51;4;4;0;2;6;0;53;0;0;0;0;0;0;14;17;47;6;0;0;0;0;0;22;27;24;9;1;4;0;14;3;0;0;0;0;8;0;0;0;0;0;0;15;0;0
M68YD:00442:02274_SUB_SUB;129;0;0;0;0;1;0;0;0;4;0;2;1;0;0;2;0;3;4;2;0;10;0;1;0;11;0;1;1;0;0;0;0;12;0;0;0;0;0;0;0;2;2;11;0;3;0;1;0;0;7;0;0;0;0;0;0;6;1;11;0;0;0;0;0;0;3;7;10;1;1;0;0;5;1;0;0;0;0;0;0;0;0;0;0;0;2;0;0
M68YD:00565:02050_SUB_SUB;467;2;3;0;1;0;0;0;1;3;6;3;0;0;0;2;0;11;44;2;0;34;0;12;3;11;0;1;8;1;4;0;0;15;0;5;0;1;5;1;0;5;17;39;1;4;0;5;1;0;30;0;0;0;0;0;0;17;28;19;4;0;0;0;0;0;34;14;15;14;0;5;0;17;3;0;0;0;0;6;0;0;0;0;1;0;8;0;1
M68YD:00622:02535_SUB_SUB;290;0;0;0;0;0;0;0;0;5;1;1;1;0;0;1;2;11;24;4;1;17;0;5;1;19;0;6;4;0;0;0;0;9;0;3;0;0;0;1;0;3;8;26;2;3;0;1;1;0;12;0;0;0;0;0;0;11;15;10;7;0;0;0;0;0;21;5;7;9;1;3;2;15;1;0;0;0;0;2;0;0;0;0;1;0;8;0;0
M68YD:00228:05118_SUB_SUB;128;0;0;0;0;1;0;0;0;3;1;0;0;0;0;0;0;5;6;2;1;8;0;3;0;7;0;0;1;0;1;0;0;4;0;0;0;0;1;0;0;3;1;10;1;2;0;0;1;0;9;0;0;0;0;0;0;6;12;5;2;0;0;0;0;0;12;5;2;4;0;1;0;6;1;0;0;0;0;1;0;0;0;0;0;0;0;0;0
M68YD:00275:04908_SUB_SUB;1493;0;1;0;2;0;0;0;1;8;0;4;3;0;0;2;0;79;154;10;1;144;0;14;5;64;0;5;9;0;2;0;1;12;0;5;0;2;28;2;0;5;52;177;2;12;0;16;1;0;40;0;0;0;0;0;0;41;160;27;23;0;0;0;2;0;199;22;14;27;4;3;2;78;5;0;0;0;4;6;0;0;0;1;3;0;4;0;5
M68YD:00442:04910_SUB_SUB;102;1;0;0;0;1;0;0;0;0;0;2;0;1;0;1;0;0;7;7;0;6;0;3;0;5;0;0;1;0;0;0;0;6;0;0;0;0;1;0;0;1;3;8;0;0;0;1;0;0;9;0;0;0;0;0;0;4;2;7;0;0;0;0;1;0;6;3;3;0;1;1;0;3;2;0;0;0;0;0;0;0;0;0;0;0;5;0;0
M68YD:00096:05761_SUB_SUB;579;1;5;0;0;0;1;1;5;9;14;9;2;2;0;4;0;11;26;14;0;31;0;5;4;23;0;6;7;2;3;0;0;28;0;14;0;1;6;2;0;18;12;34;0;8;0;2;6;0;37;0;0;0;0;0;0;14;18;49;8;0;0;0;1;0;14;13;16;24;0;5;1;30;7;0;0;0;0;6;0;0;0;0;0;0;19;0;1
M68YD:00480:05826_SUB_SUB;475;0;0;0;1;0;0;0;2;5;4;7;1;0;0;14;1;11;15;9;0;30;0;22;4;16;0;1;6;0;2;0;0;45;0;6;0;0;3;2;0;10;13;37;0;6;0;0;4;0;40;0;0;0;0;0;0;8;4;42;3;0;0;0;1;0;22;14;18;4;3;4;0;12;0;0;0;0;0;8;0;0;0;1;0;0;13;0;1
M68YD:03974:01746_SUB_SUB;458;1;3;1;1;0;1;2;1;7;6;10;1;0;0;9;0;4;21;14;0;19;0;20;3;11;0;12;12;0;1;0;0;44;0;12;0;0;2;1;0;9;11;24;0;6;0;0;5;2;33;0;0;0;0;0;1;9;2;33;2;0;0;0;0;0;14;11;24;11;0;6;0;16;1;0;0;0;0;7;0;0;0;0;0;0;12;0;0
M68YD:00856:01364_SUB_SUB;764;3;4;0;1;2;1;0;2;14;10;9;1;2;0;11;1;8;27;17;0;41;0;26;3;29;0;8;9;0;3;0;0;54;0;13;0;0;4;2;0;15;25;64;0;11;0;3;6;0;47;0;0;0;0;0;0;22;21;54;11;0;0;0;0;0;35;25;32;13;4;10;0;27;3;0;0;0;1;6;0;0;0;0;0;0;22;0;2
M68YD:00895:01283_SUB_SUB;267;0;1;0;0;0;0;0;0;4;0;0;0;0;0;0;0;7;19;3;0;21;0;6;3;12;0;7;2;0;1;0;0;11;0;2;0;0;1;1;0;3;16;24;0;3;0;2;0;0;11;0;0;0;0;0;0;11;15;12;8;0;0;0;0;0;11;7;8;14;2;3;1;9;0;0;0;0;0;2;0;0;0;0;0;0;3;0;1
M68YD:00837:04104_SUB_SUB;152;0;3;0;0;0;0;0;0;5;4;2;0;0;0;3;0;5;6;2;0;6;0;6;0;4;0;3;5;0;2;0;0;10;0;1;0;0;0;0;0;1;4;6;0;2;0;0;1;0;10;0;0;0;0;0;0;1;1;15;1;0;0;0;0;0;3;11;5;3;0;0;0;4;1;1;0;0;1;4;0;0;0;0;0;0;10;0;0
M68YD:04737:02517_SUB_SUB;183;0;1;0;0;0;0;0;2;2;2;4;2;0;0;3;1;3;12;2;0;7;0;7;3;7;0;0;5;0;0;0;0;15;0;5;0;0;1;0;0;6;2;12;0;3;0;0;2;0;13;0;0;0;0;0;0;4;2;15;1;0;0;0;0;0;7;6;12;2;0;1;1;3;1;0;0;0;0;2;0;0;0;0;0;0;4;0;0
M68YD:04779:02360_SUB_SUB;404;0;2;0;0;0;1;0;2;8;4;9;2;3;0;8;1;3;23;12;0;16;0;9;3;12;0;8;6;0;0;0;0;28;0;6;0;0;6;2;0;16;7;23;0;4;0;5;3;0;28;0;0;0;0;0;0;13;6;38;3;0;0;0;0;0;16;10;19;12;0;6;0;7;2;0;0;0;0;3;0;0;0;1;0;0;7;0;1
M68YD:04880:02272_SUB_SUB;128;0;1;0;0;0;0;0;0;2;0;0;0;0;0;2;0;2;9;4;0;7;0;3;1;9;0;3;1;0;0;0;0;7;0;1;0;0;1;0;0;2;1;12;0;0;0;0;0;0;6;0;0;0;0;0;0;2;5;9;3;0;0;0;0;0;7;4;8;4;1;1;0;0;1;0;0;0;0;2;0;0;0;0;0;0;7;0;0
M68YD:05009:02282_SUB_SUB;158;0;0;0;0;0;0;0;0;4;2;0;0;0;0;0;0;3;18;2;0;9;0;6;0;8;0;1;2;0;0;0;0;4;0;3;0;0;2;2;0;1;8;15;0;2;0;0;0;0;10;0;0;0;0;0;0;7;9;5;3;0;0;0;0;0;14;2;1;2;0;1;0;8;1;0;0;0;0;1;0;0;0;0;1;0;1;0;0
M68YD:00879:02853_SUB_SUB;335;0;0;0;1;0;1;0;0;5;5;3;1;0;0;5;0;3;19;6;0;14;0;19;0;16;0;8;7;0;3;0;0;14;0;5;0;0;2;2;0;9;9;24;1;3;0;0;3;0;26;0;0;0;0;0;0;8;7;19;4;0;0;0;1;0;15;15;6;10;0;4;0;12;2;0;0;0;1;4;0;0;0;0;0;0;13;0;0
M68YD:01098:03189_SUB_SUB;205;0;2;1;0;0;0;0;0;1;3;3;0;0;0;3;0;0;8;4;0;14;0;5;4;12;0;1;3;0;0;0;0;12;0;3;0;0;1;1;0;6;12;18;0;0;0;0;0;0;21;0;0;0;0;0;0;10;2;16;2;0;0;0;0;0;4;5;8;6;0;1;0;4;0;0;0;0;0;1;0;0;0;0;0;0;8;0;0
M68YD:00698:00679_SUB_SUB;119;1;3;0;0;0;0;0;0;4;2;2;0;0;0;0;0;2;4;3;0;5;0;2;2;3;0;1;2;0;0;0;0;9;0;0;0;0;0;0;0;0;2;11;0;0;0;2;1;0;11;0;0;0;0;0;0;3;4;6;1;0;0;0;0;0;4;10;3;1;1;1;0;3;0;0;0;0;0;3;0;0;0;0;0;0;6;0;1
M68YD:04225:02627_SUB_SUB;265;1;0;0;0;0;1;0;1;6;1;1;0;1;0;4;0;8;12;3;0;15;0;8;3;15;0;0;6;0;0;0;0;18;0;8;0;0;0;1;0;3;8;22;0;1;0;1;2;0;14;0;0;0;0;0;0;10;7;21;5;0;0;0;0;0;17;5;7;2;1;5;0;9;1;0;0;0;1;1;0;0;0;0;0;0;8;0;1
M68YD:05097:04200_SUB_SUB;102;0;0;1;0;0;0;1;0;3;1;0;0;0;0;1;0;4;7;1;0;6;0;5;0;2;0;2;0;0;1;0;0;4;0;0;0;0;1;0;0;0;3;7;1;1;0;1;0;0;5;0;0;0;0;0;0;0;4;9;2;0;0;0;0;0;10;3;2;1;1;1;1;6;0;0;0;0;0;0;0;0;0;0;1;0;3;0;0
M68YD:02766:03366_SUB_SUB;131;0;0;0;0;0;0;1;1;4;2;2;0;0;0;1;0;0;8;2;0;4;0;3;1;6;1;3;0;0;0;0;0;3;0;3;0;0;0;3;0;2;2;8;1;2;0;1;0;0;9;0;0;0;0;0;0;2;8;8;2;0;0;0;0;0;1;10;8;4;2;1;0;6;0;0;0;0;1;1;0;0;0;0;0;0;4;0;0
M68YD:03522:06742_SUB_SUB;148;2;1;0;0;0;0;0;0;3;3;2;0;0;0;3;0;4;8;4;0;8;0;5;1;2;0;0;1;0;1;0;0;12;0;4;0;0;2;0;0;1;3;14;0;1;0;1;2;0;9;0;0;0;0;0;0;1;4;11;1;0;0;0;0;0;5;10;3;3;0;1;0;3;0;0;0;0;0;0;0;0;0;2;0;0;6;0;1
M68YD:02414:03011_SUB_SUB;189;0;1;1;0;1;0;0;3;3;4;2;1;2;0;1;1;2;11;3;0;3;0;5;2;7;0;1;4;0;1;0;0;19;0;6;0;0;0;0;0;4;14;14;1;0;0;1;4;0;14;0;0;0;0;0;0;4;3;9;1;0;0;0;0;0;1;6;6;3;1;2;0;9;1;0;0;0;0;1;0;0;0;0;1;0;5;0;0
M68YD:02874:07012_SUB_SUB;136;0;1;0;0;0;0;0;2;1;1;1;0;0;0;1;0;2;7;1;0;15;0;5;1;8;0;1;4;0;0;0;0;5;0;0;0;0;1;0;0;1;3;7;0;3;0;0;0;0;7;0;0;0;0;0;0;5;3;13;2;0;0;0;0;0;4;4;8;2;0;1;1;8;0;0;0;0;0;0;0;0;0;0;0;0;7;0;0
M68YD:02315:02555_SUB_SUB;105;0;1;0;0;0;0;0;1;1;6;2;2;0;0;0;0;1;6;0;0;6;0;5;0;4;0;0;5;0;0;0;0;2;0;1;0;0;0;0;0;1;6;7;2;3;0;0;2;0;4;0;0;0;0;0;0;2;1;3;0;0;0;0;0;0;5;6;4;0;1;1;0;2;1;0;0;0;0;4;0;0;0;0;0;0;7;0;0
M68YD:00779:05907_SUB_SUB;230;0;0;0;0;1;0;0;0;2;1;1;0;0;0;0;0;5;0;6;0;12;0;4;1;8;0;4;3;0;0;0;0;2;0;0;0;0;2;0;0;0;3;3;0;1;0;0;4;0;26;0;0;0;0;0;0;20;63;33;2;0;0;0;0;0;3;12;2;0;0;0;0;2;0;0;0;0;0;1;0;0;0;0;0;0;2;0;1
M68YD:01015:06157_SUB_SUB;128;0;1;1;0;0;0;0;0;3;3;4;1;0;0;2;0;0;1;3;0;12;0;9;0;1;0;0;1;0;0;0;0;9;0;0;0;0;1;0;0;1;11;9;1;1;0;0;1;0;6;0;0;0;0;0;0;1;2;5;1;0;0;0;0;0;18;5;4;0;1;1;0;4;1;0;0;0;0;1;0;0;0;0;0;0;2;0;0
M68YD:00565:02218_SUB_SUB;152;0;0;0;0;0;0;0;1;3;4;2;0;0;0;0;1;3;1;1;0;17;0;3;0;8;0;0;0;0;0;0;0;6;0;0;0;0;0;0;0;4;5;12;1;1;0;1;2;0;16;0;0;0;0;0;0;5;1;6;2;0;0;0;0;0;17;5;6;3;1;2;0;5;1;0;0;0;0;3;0;0;0;1;0;0;2;0;0
M68YD:00652:02000_SUB_SUB;380;0;1;0;0;0;1;0;4;5;6;2;1;0;0;3;0;16;32;2;0;39;0;10;1;8;1;1;0;0;1;0;0;9;0;2;0;0;2;0;1;6;8;35;2;6;0;0;2;1;18;0;0;0;0;0;0;5;21;9;8;0;0;0;1;0;32;12;6;9;0;6;1;19;6;0;0;0;0;9;0;0;0;0;0;0;10;0;0
M68YD:00403:01163_SUB_SUB;194;0;0;0;0;0;0;0;0;0;0;2;0;0;0;0;0;10;13;1;0;28;0;3;0;4;0;0;0;0;0;0;0;2;0;0;0;0;5;1;0;0;10;17;4;0;0;1;2;0;6;0;0;0;0;0;0;6;32;2;1;0;0;0;0;0;25;4;1;2;0;0;0;11;1;0;0;0;0;0;0;0;0;0;0;0;0;0;0
M68YD:00515:01044_SUB_SUB;1154;1;3;0;0;1;0;0;4;15;11;6;0;0;0;3;1;45;107;9;0;99;0;39;7;24;0;7;2;0;5;0;0;17;0;3;0;0;9;1;0;5;49;132;4;3;0;5;1;0;49;0;0;0;0;0;0;42;126;35;19;0;0;0;2;0;103;30;19;20;1;3;5;42;8;0;0;0;1;6;0;0;0;1;2;0;19;0;3
M68YD:00625:04959_SUB_SUB;906;1;2;0;0;0;0;0;3;5;4;4;1;0;0;0;0;37;68;2;0;119;0;16;1;42;1;3;2;1;2;0;0;13;0;1;0;1;13;5;0;4;28;81;4;5;0;3;2;0;28;0;0;0;0;0;1;22;94;27;11;0;0;0;1;0;135;35;10;8;3;3;1;30;8;0;0;0;1;5;0;1;0;0;0;0;8;0;0
M68YD:00323:05851_SUB_SUB;296;1;4;0;0;0;0;0;1;2;5;7;1;0;0;7;0;4;19;8;0;9;0;8;1;5;0;4;2;0;0;0;1;18;0;2;0;0;3;1;0;2;15;31;0;3;0;1;5;0;19;0;0;0;0;0;0;6;11;20;3;0;0;0;0;0;9;19;8;7;1;1;0;6;4;0;0;0;1;4;0;0;0;0;0;0;7;0;0
M68YD:00975:03950_SUB_SUB;145;0;1;0;0;0;0;0;0;2;1;3;0;0;0;2;0;0;8;4;0;6;0;3;2;6;0;2;2;0;0;0;0;5;0;0;0;0;3;2;1;1;3;7;0;2;0;0;3;0;13;0;0;0;0;0;0;7;6;14;0;0;0;0;0;0;7;3;9;8;1;0;0;6;0;0;0;0;0;1;0;0;0;0;0;0;1;0;0
M68YD:01192:04339_SUB_SUB;110;0;0;0;0;0;0;0;0;0;1;0;0;0;0;2;0;0;6;3;0;4;0;4;0;4;0;1;3;0;0;0;0;9;0;2;0;0;0;0;0;1;2;8;0;2;0;0;4;0;11;0;0;0;0;0;0;3;1;7;2;0;0;0;0;0;3;4;5;6;0;1;0;5;1;0;0;0;0;1;0;0;0;0;0;0;3;0;1
M68YD:04816:06227_SUB_SUB;284;0;1;0;1;0;0;0;0;4;7;8;2;0;0;1;2;2;13;6;0;14;0;10;3;11;0;2;4;0;0;0;0;20;0;6;0;0;2;2;0;4;13;24;0;7;0;0;4;0;15;0;0;0;0;0;0;6;9;18;5;0;0;0;0;0;9;10;10;2;3;3;0;7;3;0;0;0;1;2;0;0;0;0;1;0;7;0;0
M68YD:00457:06951_SUB_SUB;155;0;0;0;0;0;0;0;0;1;1;0;2;0;0;0;0;4;15;1;0;22;0;5;1;5;0;2;0;0;2;0;0;3;0;0;0;0;3;1;0;2;4;9;0;1;0;1;1;0;4;0;0;0;0;0;0;5;17;4;2;0;0;0;0;0;19;1;0;1;0;2;0;10;0;0;0;0;0;0;0;0;0;0;0;0;4;0;0
M68YD:01181:03725_SUB_SUB;102;1;1;0;0;0;0;0;0;0;1;1;0;0;0;1;0;1;4;1;0;5;0;12;0;6;0;0;1;0;0;0;0;6;0;1;0;0;0;0;0;0;4;4;0;1;0;0;0;0;8;0;0;0;0;0;0;4;1;11;1;0;0;0;0;0;5;4;6;2;0;1;0;2;2;0;0;0;0;1;0;0;0;0;0;0;3;0;0
M68YD:04768:06728_SUB_SUB;193;0;0;0;0;1;0;0;1;2;1;3;1;0;0;2;2;4;9;3;0;15;0;6;0;6;0;0;3;0;0;0;0;6;0;1;0;0;0;0;0;6;6;17;0;7;0;0;1;0;14;0;0;0;0;0;0;8;4;14;3;0;0;0;0;0;15;9;4;4;1;1;0;4;0;0;0;0;0;3;0;0;0;0;0;0;6;0;0
M68YD:04997:06571_SUB_SUB;145;0;1;0;0;0;0;0;0;3;1;2;0;0;0;0;0;3;7;0;0;14;0;0;1;5;0;0;1;0;1;0;0;4;0;0;0;0;1;0;0;2;5;13;4;2;0;0;1;0;13;0;0;0;0;0;0;2;12;4;1;0;0;0;0;0;20;5;1;1;0;0;1;6;1;0;0;0;1;2;0;0;0;0;1;0;3;0;0
M68YD:00409:01815_SUB_SUB;189;0;1;0;1;0;1;0;1;0;1;0;0;0;0;1;0;4;16;5;0;13;0;4;1;8;0;1;4;0;0;0;0;1;0;0;0;0;1;1;0;1;15;15;0;2;0;0;0;0;10;0;0;0;0;0;0;5;7;10;5;0;0;0;0;0;12;8;2;3;2;0;0;12;1;0;0;0;0;2;0;0;0;1;0;0;10;0;1
M68YD:04163:00469_SUB_SUB;103;0;1;0;0;0;0;0;0;4;3;3;1;0;0;6;1;2;1;2;0;6;0;3;0;4;0;4;3;0;0;0;0;8;0;1;0;0;0;0;0;1;2;8;0;0;0;0;0;0;4;0;0;0;0;0;0;2;2;11;0;0;0;0;0;0;2;4;3;1;1;0;0;3;2;0;0;0;0;3;0;0;0;0;0;0;1;0;0
M68YD:02361:03687_SUB_SUB;143;0;0;0;0;2;0;0;0;2;0;3;1;1;0;1;0;2;9;2;0;15;0;7;1;2;0;2;0;0;0;0;0;6;0;2;0;0;0;0;0;0;4;9;1;0;0;0;1;1;9;0;0;0;0;0;0;6;3;8;2;0;0;0;0;0;5;4;8;1;0;4;0;5;0;0;0;0;0;0;0;0;0;1;0;0;11;0;2
M68YD:03277:02085_SUB_SUB;115;0;0;0;0;0;0;0;1;4;0;2;0;1;0;0;0;2;7;1;0;4;0;4;1;7;0;0;0;0;0;0;0;9;0;2;0;0;0;0;0;7;4;3;0;3;0;0;2;0;9;0;0;0;0;0;0;2;0;6;2;0;0;0;0;0;8;1;4;1;2;0;0;5;1;0;0;0;0;2;0;0;0;0;0;0;8;0;0
M68YD:00730:05827_SUB_SUB;178;0;3;0;1;0;0;0;0;1;1;2;0;1;0;4;0;0;10;8;0;5;0;5;2;4;0;4;5;0;1;0;0;9;0;2;0;0;0;1;0;3;6;13;1;3;0;1;3;0;17;0;0;0;0;0;0;4;6;13;3;0;0;0;0;0;2;8;4;2;0;2;0;7;1;1;0;0;0;2;0;0;0;2;0;0;5;0;0
M68YD:00095:04822_SUB_SUB;100;0;0;0;0;0;0;0;1;1;1;0;0;0;0;0;0;4;12;0;0;13;0;1;0;3;0;0;0;0;0;0;0;0;0;0;0;0;1;0;0;1;3;11;2;0;0;0;0;0;5;0;0;0;0;0;0;8;5;2;0;0;0;0;0;0;19;0;0;1;0;0;0;2;1;0;0;0;0;2;0;0;0;0;0;0;1;0;0
M68YD:03657:01741_SUB_SUB;118;0;1;0;0;0;0;0;1;2;2;5;0;0;0;0;0;3;10;0;0;7;0;5;1;8;0;0;1;0;0;0;0;3;0;0;0;0;1;1;0;1;4;12;0;2;0;1;0;0;8;0;0;0;0;0;0;6;0;5;1;0;0;0;1;0;5;5;3;0;0;0;0;2;3;0;0;0;0;2;0;0;0;0;0;0;6;0;0
M68YD:05281:01819_SUB_SUB;123;0;0;0;0;0;0;1;2;2;2;3;0;0;0;0;1;2;7;5;0;4;0;6;1;4;0;0;2;0;0;0;0;4;0;0;0;0;0;1;0;2;4;7;1;5;0;1;0;0;6;0;0;0;0;0;0;4;3;14;2;0;0;0;0;0;3;2;1;6;0;2;0;5;4;0;0;0;0;0;0;0;0;0;0;0;4;0;0
M68YD:01244:02087_SUB_SUB;354;0;1;0;1;0;0;0;1;2;4;2;2;1;0;0;0;6;26;3;0;48;0;8;0;19;0;0;0;0;0;0;0;3;0;0;0;0;4;2;0;0;21;28;0;2;0;1;1;0;16;0;0;0;0;0;0;18;23;11;1;0;0;0;0;0;31;18;12;9;0;2;1;15;1;0;0;0;0;4;0;0;0;0;0;0;5;0;1
M68YD:03399:06710_SUB_SUB;463;0;2;0;0;0;0;0;3;1;5;4;1;0;0;2;1;14;22;1;0;55;0;13;2;22;0;0;2;0;0;0;0;3;0;0;0;0;7;0;0;3;22;40;1;4;0;0;0;0;20;0;0;0;0;0;0;19;28;19;5;0;0;0;0;0;66;19;14;3;1;6;1;19;2;0;0;0;0;1;0;0;0;0;0;0;10;0;0
M68YD:02176:07504_SUB_SUB;138;3;0;1;0;0;0;0;0;1;8;0;2;0;0;3;1;2;4;2;0;8;0;6;2;4;0;2;4;0;0;0;0;8;0;0;0;0;1;1;0;0;1;13;0;1;0;0;1;0;2;0;0;0;0;0;0;8;6;10;2;0;0;0;1;0;4;5;5;2;0;1;0;7;0;0;0;0;0;2;0;0;0;0;0;0;4;0;0
M68YD:02490:06334_SUB_SUB;382;0;0;0;0;0;0;0;1;2;1;8;1;3;0;4;1;9;23;41;0;2;0;4;12;17;0;0;1;0;0;0;0;0;0;6;0;0;2;2;0;2;2;48;0;0;0;0;0;0;0;0;0;0;0;0;0;12;67;57;2;0;0;0;0;0;6;4;5;0;0;0;0;29;0;0;0;0;0;2;0;0;0;1;0;0;4;0;1
M68YD:00067:02354_SUB_SUB;123;0;1;0;0;0;0;0;0;2;1;4;1;0;0;1;0;0;7;2;0;11;0;2;1;3;0;0;3;0;0;0;0;3;0;2;0;0;0;2;0;1;6;5;0;3;0;0;2;0;9;0;0;0;0;0;0;7;2;7;0;0;0;0;0;0;5;2;2;3;0;0;1;9;0;0;0;0;0;3;0;0;0;0;0;0;10;0;0
M68YD:00999:01719_SUB_SUB;220;0;1;0;0;0;0;0;1;1;4;7;0;1;0;2;0;4;18;0;0;20;0;4;2;18;0;1;2;0;0;0;0;7;0;1;0;0;1;1;0;2;8;13;0;6;0;0;0;0;13;0;0;0;0;0;0;9;1;17;3;0;0;0;0;0;10;6;9;4;3;1;0;4;2;0;0;0;0;4;0;0;0;1;0;0;7;0;1
M68YD:04039:06777_SUB_SUB;6829;10;29;6;1;5;6;4;74;128;122;169;44;5;0;47;21;41;394;21;0;412;0;398;25;275;0;8;173;0;2;0;0;174;0;17;0;0;42;25;0;189;279;471;13;159;0;2;17;0;404;0;0;0;0;0;0;226;86;419;65;0;0;0;0;0;232;364;388;53;9;48;8;245;20;0;0;0;0;109;0;0;0;4;0;0;331;0;10
M68YD:05107:01471_SUB_SUB;159;0;1;0;0;0;0;0;0;6;5;3;1;0;0;1;0;2;11;0;0;10;0;11;1;3;0;1;4;0;0;0;0;3;0;0;0;0;1;0;0;1;4;7;0;4;0;0;2;0;16;0;0;0;0;0;0;4;4;5;0;0;0;0;0;0;3;4;12;2;0;5;0;6;1;0;0;0;0;6;0;0;0;0;0;0;9;0;0
M68YD:04271:06708_SUB_SUB;2004;3;5;0;1;0;1;0;9;22;23;15;6;1;0;13;3;76;163;34;1;175;0;39;11;71;0;15;22;0;6;0;0;44;0;10;0;2;29;4;0;18;52;218;10;14;0;7;7;1;97;0;0;0;0;0;1;53;107;103;25;0;0;0;0;0;182;51;37;52;7;14;3;82;10;0;0;0;4;13;0;0;0;1;0;0;29;0;2
M68YD:00706:06016_SUB_SUB;279;1;0;0;0;0;1;0;1;4;6;2;0;2;0;3;0;1;15;4;0;18;0;11;2;5;0;1;2;0;1;0;0;29;0;6;0;0;1;0;0;3;5;16;1;7;0;2;3;0;19;0;0;0;0;0;1;12;4;22;3;0;0;0;0;0;10;10;16;8;0;1;0;6;0;0;0;0;1;3;0;0;0;0;0;0;10;0;0
M68YD:00811:06008_SUB_SUB;3009;0;4;1;2;0;0;1;3;20;19;10;1;1;0;5;0;182;355;31;2;378;0;39;29;62;2;16;25;1;8;0;0;29;0;8;0;3;52;3;0;7;112;317;11;10;0;18;7;0;74;0;0;0;0;0;1;93;209;59;59;0;0;0;3;0;324;30;33;79;4;13;2;168;26;0;0;0;9;11;0;1;0;1;10;0;26;0;0
M68YD:00833:05819_SUB_SUB;1438;2;5;0;1;1;1;0;5;16;10;15;2;4;0;9;1;84;124;17;1;80;0;18;13;48;0;15;14;0;3;0;0;43;0;7;0;1;9;1;0;10;95;167;4;17;0;11;9;0;70;0;0;0;0;0;0;46;64;71;15;0;0;0;0;0;71;37;24;36;2;10;1;62;8;0;0;0;2;12;0;0;0;1;0;0;39;0;4
M68YD:00843:06045_SUB_SUB;150;0;0;0;0;0;0;0;0;3;3;3;0;0;0;1;0;3;5;5;0;11;0;6;2;6;0;2;0;0;2;0;0;1;0;1;0;0;2;0;0;2;8;19;0;1;0;0;0;0;7;0;0;0;0;0;0;8;5;9;3;0;0;0;0;0;9;4;3;4;0;1;0;8;1;0;0;0;0;1;0;0;0;0;0;0;1;0;0
M68YD:01059:06098_SUB_SUB;190;0;1;0;0;0;0;0;0;3;3;6;0;0;0;3;1;6;12;1;0;16;0;3;0;12;0;1;1;0;0;0;0;2;0;1;0;0;1;0;0;2;9;17;0;0;0;1;1;0;11;0;0;0;0;0;0;4;9;17;5;0;0;0;0;0;8;6;8;7;0;1;1;2;2;0;0;0;0;1;0;0;0;0;0;0;5;0;0
M68YD:01229:05912_SUB_SUB;354;0;3;1;0;0;1;0;3;4;3;3;1;1;0;2;1;12;32;7;0;27;0;10;3;13;0;5;4;0;1;0;0;4;0;4;0;0;4;0;0;7;11;28;1;5;0;2;1;0;19;0;0;0;0;0;0;10;16;11;4;0;0;0;0;0;27;11;11;13;0;3;0;11;1;0;0;0;0;3;0;0;0;0;2;0;8;0;0
M68YD:00061:02028_SUB_SUB;523;0;0;0;0;0;0;0;0;1;1;0;0;0;0;1;0;67;58;3;0;92;0;4;2;11;0;3;1;0;1;0;0;2;0;0;0;2;15;0;0;0;14;45;4;0;0;9;0;1;4;0;0;0;0;0;1;3;32;3;12;0;0;0;0;0;71;0;3;3;1;1;1;45;0;0;0;0;3;0;0;1;0;0;1;0;0;0;1
M68YD:00591:00666_SUB_SUB;230;0;0;0;0;0;0;0;1;2;2;4;1;0;0;2;3;1;8;4;0;9;0;12;2;7;0;0;0;0;0;0;0;6;0;2;0;0;0;0;0;4;6;16;0;2;0;1;3;0;27;0;0;0;0;0;0;9;9;19;7;0;0;0;0;0;24;9;5;4;1;4;0;7;1;0;0;0;0;1;0;0;0;0;0;0;5;0;0
M68YD:00567:00894_SUB_SUB;845;0;1;0;0;0;1;0;3;10;6;5;1;0;0;2;0;47;91;10;2;86;0;12;1;26;0;8;9;0;1;0;0;16;0;5;0;2;9;1;1;6;27;91;2;7;0;5;1;0;29;0;0;0;0;0;0;23;52;35;15;0;0;0;1;0;64;9;12;17;3;6;0;53;6;0;0;0;2;5;0;1;0;3;0;0;9;0;5
M68YD:00631:00837_SUB_SUB;739;0;0;0;0;0;0;0;1;0;6;3;0;0;0;1;0;67;83;4;0;96;0;2;2;21;0;1;0;0;2;0;0;1;0;0;0;0;16;0;0;0;21;84;5;1;0;7;0;2;8;0;0;0;0;0;0;17;87;11;11;0;0;0;0;0;99;4;1;10;1;3;1;43;2;0;0;0;4;1;0;0;0;0;4;0;6;0;0
M68YD:00658:00782_SUB_SUB;140;0;0;0;0;0;0;0;0;1;0;1;0;0;0;0;0;8;17;0;0;14;0;1;0;5;0;0;0;0;3;0;0;2;0;0;0;0;3;0;0;0;7;15;1;0;0;0;0;0;2;0;0;0;0;0;0;6;9;2;2;0;0;0;0;0;14;2;1;0;0;0;0;17;3;0;0;0;1;1;0;0;0;0;0;0;2;0;0
M68YD:00143:04800_SUB_SUB;267;0;0;0;0;0;1;0;0;1;2;2;1;0;0;3;0;5;18;8;1;18;0;3;2;10;0;1;0;0;1;0;0;5;0;1;0;1;4;0;0;4;12;27;0;0;0;1;1;0;14;0;0;0;0;0;0;7;11;21;4;0;0;0;0;0;12;4;8;13;2;0;1;19;1;0;0;0;0;3;0;0;0;1;0;0;12;0;1
M68YD:00233:05020_SUB_SUB;426;1;0;0;1;1;0;0;0;1;0;0;1;0;0;1;0;40;41;2;0;33;0;9;1;8;0;3;0;0;0;0;0;3;0;2;0;1;9;0;0;2;26;52;3;2;0;3;0;1;7;0;0;0;0;0;0;9;25;8;7;0;0;0;0;0;56;7;5;6;1;1;0;39;3;0;0;0;1;0;0;0;0;0;1;0;2;0;1
M68YD:00427:03620_SUB_SUB;363;1;2;0;0;0;0;0;1;5;7;9;1;1;0;6;1;6;12;10;0;15;0;13;0;13;0;6;9;0;0;0;0;18;0;8;0;0;3;4;0;7;5;33;0;0;0;0;4;0;27;0;0;0;0;0;1;6;7;29;5;0;0;0;1;0;17;12;9;11;1;2;0;12;1;0;0;0;1;8;0;0;0;0;0;0;13;0;0
M68YD:00144:05948_SUB_SUB;1873;0;0;0;0;1;0;0;3;1;2;5;1;1;1;4;0;184;231;5;3;231;0;22;8;38;0;1;6;1;6;0;1;7;0;2;0;1;34;0;0;5;71;198;7;2;0;17;0;1;13;0;0;0;0;0;2;28;227;25;30;0;0;0;1;0;255;15;9;20;2;6;2;114;8;0;0;0;4;0;0;0;0;0;4;0;6;0;1
M68YD:00249:05999_SUB_SUB;146;1;1;0;1;0;0;0;0;2;2;4;1;1;0;3;0;6;10;5;0;8;0;1;0;3;0;2;2;0;0;0;0;4;0;1;0;0;1;1;0;1;2;12;0;0;0;1;0;0;9;0;0;0;0;0;0;4;6;6;2;0;0;0;1;0;14;5;2;7;1;4;0;5;1;0;0;0;0;1;0;0;0;0;1;0;1;0;0
M68YD:00268:06230_SUB_SUB;1534;0;1;0;0;1;1;0;2;7;6;0;0;0;0;4;0;111;161;3;1;240;0;10;1;27;0;5;1;1;1;0;0;9;0;1;0;2;40;0;0;2;52;163;5;2;0;6;1;1;21;0;0;0;0;0;1;32;183;23;20;0;0;0;3;0;252;6;5;8;3;3;0;91;4;0;0;0;3;0;0;0;0;0;4;0;4;0;0
M68YD:00357:06056_SUB_SUB;227;0;0;1;0;0;0;1;5;5;0;3;0;0;0;0;1;2;10;3;0;9;0;17;1;7;0;0;3;0;0;0;0;10;0;1;0;0;3;1;0;7;17;14;0;5;0;0;2;0;13;0;0;0;0;0;0;4;2;12;3;0;0;0;0;0;12;4;11;2;0;3;0;13;2;0;0;0;0;7;0;0;0;1;0;0;10;0;0
M68YD:00505:05850_SUB_SUB;134;0;0;0;0;0;0;0;0;2;2;2;1;0;0;1;0;1;6;4;0;15;0;2;0;6;0;2;0;0;1;0;0;2;0;0;0;0;0;3;0;1;4;19;0;2;0;0;1;0;8;0;0;0;0;0;0;6;9;3;5;0;0;0;0;0;9;3;3;2;1;2;0;3;0;0;0;0;0;0;0;0;0;1;0;0;2;0;0
M68YD:05009:01738_SUB_SUB;115;0;0;0;1;0;0;0;0;3;0;0;0;0;0;2;0;2;9;2;0;13;0;8;1;3;0;0;1;0;2;0;0;12;0;0;0;0;0;0;0;4;4;7;0;0;0;1;0;0;3;0;0;0;0;0;0;1;4;6;2;0;0;0;0;0;4;3;7;0;0;3;0;2;0;0;0;0;0;3;0;0;0;0;0;0;2;0;0
M68YD:00385:06551_SUB_SUB;172;0;0;0;0;0;0;0;1;0;2;1;0;0;0;0;0;4;19;4;0;17;0;4;2;2;0;2;2;0;0;0;0;5;0;0;0;0;6;0;0;0;8;16;0;0;0;1;1;0;9;0;0;0;0;0;0;5;13;6;2;0;0;0;0;0;16;3;0;6;0;2;2;9;0;0;0;0;0;0;0;0;0;0;0;0;2;0;0
M68YD:00396:06631_SUB_SUB;225;2;1;0;0;0;0;0;0;3;1;4;0;0;0;1;1;3;11;5;0;13;0;7;2;4;0;0;3;0;1;0;0;20;0;4;0;0;1;3;0;3;7;12;0;1;0;2;1;0;14;0;0;0;0;0;0;7;7;18;3;0;0;0;0;0;10;9;12;5;0;1;0;11;1;0;0;0;0;3;0;0;0;0;0;0;8;0;0
M68YD:04768:01970_SUB_SUB;188;0;0;0;0;0;0;0;0;3;1;2;0;0;0;4;1;8;6;3;0;17;0;10;1;5;0;2;0;0;0;0;0;6;0;0;0;0;1;0;0;1;7;19;0;2;0;0;0;0;13;0;0;0;0;0;0;4;6;8;4;0;0;0;0;0;24;8;6;3;1;0;0;6;1;0;0;0;0;2;0;0;0;0;0;0;3;0;0
M68YD:03024:02142_SUB_SUB;250;0;0;0;0;1;0;0;1;2;6;3;0;2;0;1;0;10;25;3;0;22;0;4;3;5;0;2;4;0;2;0;0;5;0;1;0;0;0;2;0;1;10;28;0;1;0;4;0;0;7;0;0;0;0;0;0;10;14;7;3;0;0;0;2;0;16;6;4;11;1;1;2;12;0;0;0;0;1;2;0;0;0;0;0;0;3;0;0
M68YD:02788:05399_SUB_SUB;183;0;5;0;0;0;0;0;0;3;5;5;0;1;0;5;0;6;6;4;0;4;0;2;1;2;0;3;6;0;1;0;0;11;0;4;0;0;1;1;0;6;4;18;0;0;0;3;3;0;17;0;0;0;0;0;0;1;5;12;0;0;0;0;0;0;8;5;2;4;0;2;1;4;2;0;0;0;0;1;0;0;0;0;1;0;8;0;0
M68YD:00285:01478_SUB_SUB;305;0;0;0;0;1;0;0;0;1;0;0;0;0;0;1;0;22;29;2;0;55;0;4;3;6;0;2;1;0;1;0;0;0;0;1;0;0;10;0;0;2;5;21;2;0;0;3;1;0;3;0;0;0;0;0;0;7;21;3;2;0;0;0;0;0;54;4;0;7;0;2;0;19;4;0;0;0;1;2;0;0;0;1;1;0;1;0;0
M68YD:02603:07028_SUB_SUB;106;0;0;1;0;0;0;0;0;1;0;3;1;0;0;4;0;2;8;3;0;6;0;2;0;7;0;0;0;0;0;0;0;1;0;0;0;0;1;1;0;2;5;11;0;1;0;2;1;0;3;0;0;0;0;0;0;6;0;12;1;0;0;0;0;0;1;7;8;1;0;1;0;1;0;0;0;0;0;0;0;0;0;0;0;0;2;0;0
M68YD:02647:04340_SUB_SUB;108;0;1;0;0;1;0;0;0;1;0;3;1;0;0;1;0;1;5;0;0;17;0;2;0;7;0;1;1;0;0;0;0;4;0;2;0;0;0;0;0;0;2;13;0;2;0;1;0;0;4;0;0;0;0;0;0;8;2;2;0;0;0;0;0;0;1;3;9;3;0;0;0;5;0;0;0;0;0;1;0;0;0;0;0;0;4;0;0
M68YD:02582:02975_SUB_SUB;113;0;0;0;0;0;0;0;0;2;1;2;0;0;0;2;0;1;2;2;0;2;0;5;0;5;0;1;2;0;1;0;0;6;0;1;0;0;1;0;0;3;5;9;0;1;0;0;0;0;14;0;0;0;0;0;0;4;0;11;0;0;0;0;0;0;8;3;6;1;1;0;0;3;0;0;0;0;0;3;0;0;0;1;0;0;4;0;0
M68YD:01578:03019_SUB_SUB;121;1;1;0;0;0;0;0;1;4;3;5;0;0;0;1;0;1;7;1;0;6;0;1;2;2;0;2;1;0;0;0;0;7;0;1;0;1;0;0;0;4;2;10;1;0;0;1;0;0;9;0;0;0;0;0;0;5;2;4;1;0;0;0;0;0;4;4;5;5;0;1;0;6;0;0;0;0;0;1;0;0;0;0;0;0;7;0;1
M68YD:04359:00990_SUB_SUB;176;0;0;0;0;0;0;0;0;0;0;0;0;0;0;0;0;9;15;0;0;32;0;0;1;7;0;0;0;0;0;0;0;1;0;1;0;1;9;0;0;0;4;10;2;1;0;2;0;0;0;0;0;0;0;0;0;4;19;0;3;0;0;0;0;0;36;1;3;0;0;0;0;12;1;0;0;0;2;0;0;0;0;0;0;0;0;0;0
M68YD:01119:07171_SUB_SUB;177;0;0;0;0;0;0;0;0;0;0;0;0;0;0;0;0;15;19;0;0;43;0;0;0;5;0;0;0;0;0;0;1;0;0;0;0;1;9;0;0;0;5;10;0;0;0;1;0;0;1;0;0;0;0;0;0;0;18;2;2;0;0;0;0;0;29;0;0;1;1;0;0;13;0;0;0;0;0;0;0;0;0;0;0;0;1;0;0
M68YD:00759:06497_SUB_SUB;118;0;0;0;0;0;0;0;0;0;1;0;0;0;0;0;0;5;16;0;0;21;0;1;2;4;0;2;1;1;0;0;0;0;0;0;0;1;3;0;0;0;5;12;0;0;0;1;0;0;1;0;0;0;0;0;0;3;7;1;2;0;0;0;0;0;15;0;0;5;0;0;0;7;0;0;0;0;0;0;0;0;0;1;0;0;0;0;0
M68YD:04157:06819_SUB_SUB;173;0;0;0;0;0;0;0;0;0;0;0;0;0;0;0;0;10;20;1;0;38;0;0;1;4;0;1;0;0;0;0;0;1;0;0;0;0;2;0;0;0;4;15;2;0;0;1;0;0;1;0;0;0;0;0;0;1;24;0;2;0;0;0;0;0;31;1;0;0;1;2;0;8;2;0;0;0;0;0;0;0;0;0;0;0;0;0;0
M68YD:00768:06240_SUB_SUB;167;0;1;0;1;0;0;0;0;0;2;0;0;0;0;0;1;7;7;1;0;20;0;3;1;5;0;2;0;0;1;0;0;3;0;0;0;0;3;0;0;0;4;21;2;2;0;0;1;0;3;0;0;0;0;0;0;9;17;5;2;0;0;0;0;0;24;1;3;4;1;2;0;3;2;0;0;0;0;1;0;0;0;0;0;0;2;0;0
M68YD:00842:06040_SUB_SUB;217;0;1;0;0;0;0;0;0;1;1;0;0;0;0;2;0;16;21;1;0;34;0;6;1;4;0;1;2;0;0;0;0;1;0;1;0;0;4;1;0;0;9;21;0;3;0;1;0;0;10;0;0;0;0;0;0;5;28;2;3;0;0;0;0;0;19;1;4;1;0;0;0;7;3;0;0;0;0;0;0;0;0;0;0;0;2;0;0
M68YD:03636:03327_SUB_SUB;244;0;0;0;0;0;0;0;0;1;0;1;0;0;0;0;0;16;13;2;0;47;0;4;0;5;0;0;0;0;0;0;0;1;0;0;0;0;2;0;0;0;7;20;2;0;0;1;0;0;3;0;0;0;0;0;0;3;46;3;3;0;0;0;0;0;49;2;0;1;1;0;0;8;1;0;0;0;0;2;0;0;0;0;0;0;0;0;0
M68YD:00177:04890_SUB_SUB;172;0;2;0;0;0;0;0;1;2;5;2;1;0;0;2;0;0;5;3;0;8;0;10;3;3;0;2;5;0;0;0;0;14;0;3;0;0;0;0;0;6;2;12;0;4;0;1;3;0;16;0;0;0;0;0;0;6;4;14;2;0;0;0;0;0;7;7;2;4;0;1;0;5;0;0;0;0;0;1;0;0;0;0;0;0;4;0;0
M68YD:00957:01171_SUB_SUB;127;0;0;0;0;0;0;0;0;0;0;0;0;0;0;0;0;3;6;0;0;18;0;0;1;4;0;0;1;0;0;0;0;0;0;0;0;0;2;0;0;1;3;18;0;1;0;0;1;0;1;0;0;0;0;0;0;2;18;3;1;0;0;0;0;0;23;3;2;1;0;3;0;9;0;0;0;0;0;0;0;0;0;0;0;0;2;0;0
M68YD:04328:07025_SUB_SUB;385;0;3;0;0;0;1;0;4;14;5;7;3;2;0;7;1;3;22;1;0;9;0;20;1;13;0;0;8;0;1;0;0;9;0;1;0;0;0;0;0;15;20;32;0;2;0;0;0;0;20;0;0;0;0;0;0;10;6;35;4;0;0;0;0;0;13;34;19;3;1;1;0;10;0;0;0;0;0;5;0;0;0;1;0;0;19;0;0
M68YD:00713:05998_SUB_SUB;394;0;0;0;0;2;0;0;3;6;4;6;1;0;0;3;1;16;19;0;0;56;0;23;3;23;0;0;5;0;1;0;0;7;0;0;0;1;2;2;0;5;19;37;2;7;0;0;1;0;18;0;0;0;0;0;0;9;10;13;3;0;0;0;0;0;25;12;12;4;0;2;2;18;1;0;0;0;0;0;0;0;0;0;0;0;10;0;0
M68YD:02832:02542_SUB_SUB;186;0;0;0;0;0;0;0;4;3;1;7;0;0;0;2;0;2;2;0;0;22;0;9;0;7;0;0;1;0;0;0;0;1;0;0;0;0;2;0;0;3;11;22;0;3;0;0;0;0;10;0;0;0;0;0;0;7;2;8;3;0;0;0;0;0;11;10;10;2;0;2;1;5;2;0;0;0;0;6;0;0;0;0;0;0;5;0;0
M68YD:01647:07350_SUB_SUB;132;1;1;1;0;0;0;0;0;6;2;5;2;0;0;1;0;2;7;0;0;8;0;3;1;7;0;0;7;0;0;0;0;4;0;0;0;0;2;0;0;0;4;9;0;4;0;0;1;0;3;0;0;0;0;0;0;3;3;10;0;0;0;0;0;0;6;8;7;0;0;2;0;4;0;0;0;0;0;2;0;0;0;0;0;0;5;0;1
M68YD:00118:05670_SUB_SUB;141;0;1;0;0;0;0;0;1;1;2;1;0;1;0;1;1;1;8;4;0;5;0;3;1;8;0;1;1;0;1;0;0;7;0;0;0;0;0;2;0;1;2;14;0;2;0;0;0;0;15;0;0;0;0;0;0;5;4;14;1;0;0;0;0;0;3;10;2;4;0;3;0;1;1;0;0;0;0;1;0;0;0;1;0;0;6;0;0
M68YD:04284:06600_SUB_SUB;145;0;0;0;0;1;0;0;0;2;1;3;0;0;0;1;0;2;12;4;0;10;0;5;0;7;0;0;0;0;2;0;0;10;0;1;0;0;1;1;0;1;4;15;0;2;0;0;0;0;11;0;0;0;0;0;0;2;3;9;1;0;0;0;0;0;11;6;6;2;1;1;0;2;0;0;0;0;0;1;0;0;0;0;0;0;4;0;0
M68YD:00657:01925_SUB_SUB;1035;0;0;0;0;0;0;0;0;2;1;1;0;0;0;1;0;106;97;0;0;177;0;1;7;12;0;1;0;0;0;0;0;5;0;0;0;3;22;0;0;2;36;114;2;2;0;16;1;0;5;0;0;0;0;0;1;9;130;12;18;0;0;0;0;0;162;1;2;3;0;2;0;69;5;0;0;0;2;0;0;0;0;0;1;0;2;0;2
M68YD:00493:01248_SUB_SUB;306;0;0;0;0;1;1;0;0;2;0;0;0;0;0;0;0;36;32;1;0;55;0;1;2;3;0;1;0;0;0;0;0;1;0;0;0;1;4;0;0;0;11;32;1;0;0;3;0;0;2;0;0;0;0;0;0;3;35;3;5;0;0;0;0;0;50;1;1;1;0;1;0;12;2;0;0;0;1;0;0;0;0;0;0;0;1;0;0
M68YD:00648:00956_SUB_SUB;135;0;0;0;0;0;0;0;0;0;0;1;0;0;0;0;0;4;11;0;1;13;0;3;0;6;0;2;0;0;1;0;0;1;0;0;0;0;1;0;0;1;4;14;0;2;0;1;0;1;6;0;0;0;0;0;0;3;9;6;4;0;0;0;0;0;27;3;2;4;0;2;0;2;0;0;0;0;0;0;0;0;0;0;0;0;0;0;0
M68YD:00351:04799_SUB_SUB;160;0;0;0;0;0;0;0;0;2;0;0;0;0;0;0;0;11;18;4;0;14;0;3;2;6;0;1;0;0;0;0;0;3;0;1;0;0;4;1;0;4;9;20;0;1;0;1;0;0;5;0;0;0;0;0;0;1;9;8;3;0;0;0;0;0;11;2;3;4;0;0;0;8;0;0;0;0;0;0;0;0;0;0;0;0;0;0;1
M68YD:00498:04592_SUB_SUB;1276;1;10;1;0;1;2;0;6;18;13;6;1;0;0;6;1;48;143;21;1;92;0;21;14;27;0;10;25;0;6;0;0;22;0;14;0;1;20;1;0;16;69;121;4;18;0;8;4;1;52;0;0;0;0;0;0;44;54;59;9;0;0;0;0;0;74;23;29;40;2;10;0;58;9;0;0;0;2;9;0;1;0;0;3;0;23;0;2
M68YD:00467:03496_SUB_SUB;519;0;0;0;0;0;0;0;0;2;1;0;0;0;0;0;0;57;52;2;0;114;0;3;1;4;0;2;0;0;0;0;1;1;0;1;0;1;8;0;0;1;10;46;3;0;0;6;0;0;2;0;0;0;0;0;0;1;68;4;5;0;0;0;0;0;86;1;1;6;0;2;0;24;0;0;0;0;1;0;0;0;0;0;2;0;0;0;0
M68YD:04797:05813_SUB_SUB;102;0;4;0;0;0;0;0;1;1;0;1;1;0;0;1;0;2;6;2;0;5;0;5;1;3;0;3;2;0;1;0;1;8;0;2;0;1;0;0;0;3;1;2;1;1;0;1;0;0;8;0;0;0;0;0;0;3;3;9;1;0;0;0;0;0;4;2;5;2;1;0;0;1;1;0;0;0;0;1;0;0;0;0;0;0;1;0;0
M68YD:00583:06625_SUB_SUB;217;0;0;0;0;0;0;0;0;3;3;1;0;1;0;1;1;7;23;3;0;23;0;3;1;7;0;2;4;0;1;0;0;4;0;1;0;0;4;1;0;1;5;15;0;0;0;1;2;0;12;0;0;0;0;0;0;4;17;7;3;0;0;0;1;0;15;4;3;5;3;1;0;13;1;0;0;0;1;2;0;0;0;0;1;0;5;0;1
M68YD:01106:01278_SUB_SUB;102;0;0;0;0;0;0;0;0;1;0;0;1;0;0;0;0;0;5;2;0;8;0;0;0;6;0;0;0;0;0;0;0;6;0;0;0;0;0;0;0;1;3;9;1;0;0;0;1;1;5;0;0;0;0;0;0;2;5;7;1;0;0;0;1;0;10;5;7;2;0;1;0;3;2;0;0;0;0;0;0;0;0;0;0;0;6;0;0
M68YD:04668:06880_SUB_SUB;108;0;1;0;0;0;0;0;0;0;0;2;0;0;0;1;0;10;12;0;0;10;0;1;0;4;0;1;0;0;0;0;0;3;0;0;0;0;3;0;0;3;0;11;0;1;0;0;0;0;5;0;0;0;0;0;0;3;2;4;1;0;0;0;0;0;17;0;1;4;0;0;1;5;1;0;0;0;1;0;0;0;0;0;0;0;0;0;0
M68YD:05056:04436_SUB_SUB;130;0;0;1;0;0;1;0;1;0;2;4;1;0;0;1;0;0;11;2;0;11;0;6;1;3;0;1;0;0;0;0;0;12;0;2;0;0;1;2;1;4;1;6;1;2;0;0;1;0;11;0;0;0;0;0;0;2;0;7;1;0;0;0;0;0;6;1;6;2;1;2;1;6;0;0;0;0;0;1;0;0;0;0;0;0;4;0;0
M68YD:05107:05656_SUB_SUB;176;0;0;0;0;0;0;0;1;0;0;0;0;0;0;0;0;20;13;0;1;28;0;0;0;1;0;0;0;0;0;0;0;0;0;0;0;0;5;0;0;0;10;14;0;1;0;1;0;0;2;0;0;0;0;0;0;1;17;5;3;0;0;0;0;0;29;1;2;1;0;0;0;15;1;0;0;0;0;0;0;0;0;0;3;0;0;0;1
M68YD:04718:00754_SUB_SUB;143;0;0;0;0;0;0;0;2;4;3;6;0;0;0;0;0;3;9;0;0;9;0;5;0;8;0;2;3;0;0;0;0;5;0;1;0;0;1;1;0;4;3;13;0;1;0;0;1;0;9;0;0;0;0;0;0;2;1;10;0;0;0;0;0;0;1;8;10;3;0;0;1;2;0;0;0;0;0;3;0;0;0;0;0;0;8;0;1
M68YD:03882:00804_SUB_SUB;156;0;0;0;0;0;0;0;0;0;1;0;0;0;0;0;0;11;12;1;0;45;0;0;0;0;0;0;1;0;0;0;0;0;0;0;0;1;3;0;0;0;4;12;1;0;0;0;0;0;2;0;0;0;0;0;0;2;15;3;3;0;0;0;0;0;26;0;1;1;0;0;0;10;0;0;0;0;1;0;0;0;0;0;0;0;0;0;0
M68YD:00282:01733_SUB_SUB;153;0;0;0;0;0;0;0;0;1;0;0;0;0;0;0;0;13;23;1;0;11;0;1;0;0;0;1;0;0;1;0;1;1;0;0;0;0;6;0;0;0;12;18;1;0;0;0;0;0;2;0;0;0;0;0;0;2;7;2;4;0;0;0;0;0;19;2;0;2;0;0;0;17;1;0;0;0;0;0;0;0;0;1;1;0;2;0;0
M68YD:02154:06574_SUB_SUB;199;0;0;0;0;0;0;0;1;4;2;1;0;0;0;0;0;25;25;1;0;28;0;0;0;3;0;1;1;0;0;0;0;3;0;0;0;0;3;0;0;1;2;17;0;1;0;1;1;0;3;0;0;0;0;0;0;6;13;3;7;0;0;0;0;0;22;2;1;3;0;1;1;10;0;0;0;0;1;0;0;0;0;0;1;0;3;0;1
M68YD:04069:00246_SUB_SUB;465;0;0;0;0;0;0;0;0;0;1;1;0;0;0;0;0;73;44;0;0;111;0;1;2;7;0;1;0;0;1;0;0;1;0;0;0;0;12;0;0;0;5;18;3;0;0;5;0;0;1;0;0;0;0;0;0;2;39;2;7;0;0;0;0;0;90;1;2;3;0;0;0;24;1;0;0;0;4;0;0;0;0;0;1;0;2;0;0
M68YD:04453:00563_SUB_SUB;284;1;1;0;0;0;0;0;0;2;0;0;0;0;0;2;0;36;44;0;1;28;0;2;1;5;0;3;2;0;0;0;0;1;0;1;0;0;3;0;0;1;16;24;1;1;0;2;0;0;1;0;0;0;0;0;0;4;25;5;1;0;0;0;0;0;27;4;3;7;0;0;0;24;3;0;0;0;1;0;0;0;0;0;0;0;1;0;0
M68YD:03448:00519_SUB_SUB;144;3;1;0;0;0;0;0;2;3;7;6;0;0;0;1;0;0;7;1;0;17;0;2;2;17;0;0;3;0;0;0;0;3;0;2;0;0;0;0;0;2;0;16;0;4;0;0;1;0;5;0;0;0;0;0;0;11;1;3;0;0;0;0;1;0;0;4;9;1;0;0;2;0;0;0;0;0;0;1;0;0;0;0;0;0;6;0;0
M68YD:05151:03838_SUB_SUB;359;0;0;0;0;0;0;0;1;1;0;2;0;1;0;0;0;30;31;2;0;85;0;1;1;5;0;0;0;0;1;0;0;1;0;0;0;1;11;0;0;0;12;15;0;0;0;4;1;0;1;0;0;0;0;0;0;5;35;0;1;0;0;0;0;0;80;2;1;2;0;0;0;23;1;0;0;0;1;0;0;0;0;0;0;0;1;0;0
M68YD:02327:00779_SUB_SUB;472;0;0;0;1;0;0;0;3;0;2;2;0;0;0;2;0;43;44;4;1;89;0;1;3;5;0;2;1;0;0;0;0;0;0;0;0;0;9;0;0;0;8;48;1;3;0;6;0;0;11;0;0;0;0;0;0;7;49;1;9;0;0;0;0;0;56;0;4;5;3;0;1;42;1;0;0;0;1;2;0;0;0;0;2;0;0;0;0
M68YD:01885:00682_SUB_SUB;136;0;0;0;0;0;0;0;2;0;0;1;0;0;0;0;0;11;11;0;0;26;0;0;1;4;0;0;1;0;0;0;0;0;0;0;0;0;3;0;0;0;4;11;0;0;0;0;0;0;2;0;0;0;0;0;0;3;14;2;2;0;0;0;0;0;19;2;3;1;0;0;0;10;0;0;0;0;2;0;0;0;0;0;1;0;0;0;0
M68YD:01974:06721_SUB_SUB;265;0;0;0;0;0;0;0;0;0;0;0;0;0;0;0;0;39;22;0;0;60;0;1;1;5;0;0;0;0;0;0;0;1;0;0;0;0;6;0;0;1;6;20;1;0;0;5;0;0;2;0;0;0;0;0;0;2;34;0;6;0;0;0;0;0;30;0;1;2;0;0;0;15;0;0;0;0;1;0;0;1;0;0;3;0;0;0;0
M68YD:01365:02092_SUB_SUB;207;0;0;0;0;0;0;0;0;0;0;1;0;0;0;1;0;34;19;0;0;52;0;2;1;1;0;1;0;0;0;0;0;0;0;0;0;1;3;0;0;0;1;19;1;1;0;4;0;0;2;0;0;0;0;0;0;0;18;3;1;0;0;0;0;0;23;2;0;1;0;0;0;13;1;0;0;0;1;0;0;0;0;0;0;0;0;0;0
M68YD:00443:01937_SUB_SUB;151;0;0;0;0;0;0;0;5;0;2;2;0;0;0;0;1;1;11;1;0;8;0;5;0;3;0;1;0;0;0;0;0;6;0;0;0;0;1;1;0;4;10;9;0;2;0;0;0;0;10;0;0;0;0;0;0;2;7;9;0;0;0;0;0;0;7;5;7;1;1;2;0;18;0;0;0;0;0;0;0;0;0;0;0;0;9;0;0
M68YD:05025:05629_SUB_SUB;106;0;0;0;0;0;0;0;0;1;1;2;0;0;0;1;0;4;4;1;0;17;0;4;0;7;0;3;1;0;0;0;0;3;0;1;0;0;1;0;0;1;1;12;0;0;0;0;0;0;6;0;0;0;0;0;0;7;1;2;1;0;0;0;0;0;4;5;6;3;0;0;0;3;0;0;0;0;0;1;0;0;0;0;0;0;2;0;0
M68YD:00094:03890_SUB_SUB;100;0;0;0;0;0;0;0;1;2;4;1;1;0;0;0;0;0;6;0;0;7;0;16;0;5;0;0;2;0;0;0;0;4;0;0;0;0;1;0;0;2;2;9;1;1;0;0;0;0;5;0;0;0;0;0;0;1;3;6;1;0;0;0;0;0;4;5;2;1;0;0;0;3;0;0;0;0;0;1;0;0;0;0;0;0;3;0;0
M68YD:02390:00520_SUB_SUB;112;0;0;0;0;0;0;0;0;0;0;1;0;0;0;0;0;7;11;0;0;26;0;1;0;0;0;0;0;0;0;0;0;0;0;0;0;0;1;0;0;0;4;10;1;0;0;0;0;0;2;0;0;0;0;0;0;1;20;1;0;0;0;0;0;0;21;0;0;0;0;0;0;2;3;0;0;0;0;0;0;0;0;0;0;0;0;0;0
M68YD:04657:05866_SUB_SUB;119;0;0;0;0;0;0;0;1;7;1;0;0;0;0;0;0;0;8;1;0;14;0;1;1;11;0;0;0;0;0;0;0;2;0;0;0;0;0;0;0;3;3;10;1;8;0;0;1;0;6;0;0;0;0;0;0;7;3;5;0;0;0;0;0;0;2;6;3;1;1;1;0;3;0;0;0;0;0;2;0;0;0;0;0;0;5;0;1
M68YD:00434:02055_SUB_SUB;755;0;1;0;0;1;0;0;1;6;5;8;0;0;0;3;0;26;75;9;0;33;0;17;4;33;0;8;2;0;5;0;0;10;0;0;0;2;6;2;0;1;36;143;0;7;0;3;1;0;22;0;0;0;0;0;0;23;47;32;17;0;0;0;1;0;27;23;16;20;3;1;0;40;8;0;0;0;0;2;0;0;0;3;0;0;21;0;1
M68YD:00926:06218_SUB_SUB;316;0;1;0;0;0;0;0;1;3;3;4;0;2;0;8;3;5;12;5;0;17;0;15;0;13;0;1;11;0;0;0;0;17;0;9;0;1;0;0;0;8;7;29;0;6;0;0;2;0;27;0;0;0;0;0;0;5;5;17;1;0;0;0;0;0;4;16;16;4;2;2;0;11;0;0;0;0;0;6;0;0;0;0;0;0;16;0;1
M68YD:00569:04993_SUB_SUB;180;0;3;0;0;0;1;0;1;2;3;3;0;0;0;4;0;0;4;2;0;7;0;6;0;9;0;3;6;0;0;0;0;15;0;4;0;0;2;1;0;1;3;12;0;3;0;1;1;0;16;0;0;0;0;0;0;4;4;13;4;0;0;0;0;0;0;4;13;7;2;1;0;6;1;0;0;0;0;2;0;0;0;0;0;0;5;0;1
M68YD:00813:05963_SUB_SUB;192;0;1;0;0;0;0;0;0;3;2;0;0;0;0;6;0;8;16;3;0;9;0;6;0;10;0;1;0;0;0;0;0;12;0;3;0;1;2;0;0;1;8;16;0;3;0;1;0;0;13;0;0;0;0;0;0;3;9;12;0;0;0;0;0;0;13;4;6;5;0;0;0;8;1;0;0;0;0;0;0;0;0;0;0;0;6;0;0
M68YD:01155:06131_SUB_SUB;302;0;0;0;0;0;0;0;1;0;1;3;0;0;0;1;0;27;34;2;1;35;0;2;1;3;0;3;0;0;1;0;0;5;0;1;0;0;9;0;0;0;21;41;3;1;0;4;0;0;2;0;0;0;0;0;0;5;23;6;5;0;0;0;0;0;29;1;1;6;0;1;0;14;3;0;0;0;2;1;0;0;0;1;0;0;2;0;0
M68YD:00189:01096_SUB_SUB;540;2;4;1;1;0;0;1;6;11;21;11;4;1;0;6;0;5;31;2;0;71;0;13;1;26;0;1;13;0;1;0;0;10;0;2;0;0;4;1;0;10;9;45;2;12;0;0;0;0;21;0;0;0;0;0;0;42;3;23;3;0;0;0;0;0;5;19;39;5;1;3;0;11;1;0;0;0;0;10;0;0;0;0;0;0;25;0;1
M68YD:00593:06103_SUB_SUB;141;0;0;0;0;0;0;0;0;0;2;1;1;0;0;0;0;13;16;0;1;20;0;0;0;4;0;0;0;0;0;0;0;1;0;0;0;0;2;0;0;0;7;10;1;0;0;2;1;0;1;0;0;0;0;0;0;1;16;4;3;0;0;0;0;0;16;0;1;1;1;1;0;11;0;0;0;0;1;1;0;0;0;0;1;0;0;0;0
M68YD:00532:06629_SUB_SUB;192;0;0;0;0;0;0;0;0;0;1;0;0;0;0;0;0;31;17;0;0;49;0;0;0;0;0;0;0;0;0;0;0;0;0;0;0;0;4;0;0;0;0;6;4;0;0;4;0;0;0;0;0;0;0;0;0;0;21;1;3;0;0;0;0;0;36;0;0;0;0;0;0;15;0;0;0;0;0;0;0;0;0;0;0;0;0;0;0
M68YD:05058:06704_SUB_SUB;272;0;0;0;0;0;0;0;0;0;0;1;0;0;0;0;0;54;17;0;0;73;0;1;1;4;0;1;1;0;0;0;0;1;0;0;0;0;7;0;0;0;6;10;1;0;0;8;0;0;3;0;0;0;0;0;0;0;29;0;4;0;0;0;0;0;38;0;1;0;0;0;0;9;0;0;0;0;1;0;0;0;0;0;1;0;0;0;0
M68YD:04890:05317_SUB_SUB;213;0;0;0;0;0;0;0;0;1;1;1;0;0;0;0;0;22;20;0;0;50;0;0;0;0;0;0;0;0;0;0;0;2;0;0;0;1;5;0;0;0;3;17;1;0;0;6;0;0;0;0;0;0;0;0;0;2;26;1;2;0;0;0;0;0;40;1;0;0;0;1;0;9;0;0;0;0;1;0;0;0;0;0;0;0;0;0;0
M68YD:04923:05270_SUB_SUB;544;0;0;0;0;0;0;0;0;0;0;0;0;0;0;0;0;74;45;0;1;107;0;2;3;0;0;0;1;0;0;0;0;2;0;0;0;0;12;0;0;0;12;42;4;0;0;8;0;0;2;0;0;0;0;0;0;3;76;4;11;0;0;0;0;0;97;2;0;1;0;0;0;27;1;0;0;0;5;0;0;0;0;1;0;0;1;0;0
M68YD:03666:03101_SUB_SUB;258;0;0;0;0;0;0;0;0;1;1;2;0;0;0;1;0;24;34;0;0;38;0;1;0;3;0;2;1;0;0;0;0;1;0;0;0;0;3;0;0;0;15;35;3;0;0;3;0;0;0;0;0;0;0;0;0;4;28;1;4;0;0;1;0;0;27;0;0;2;0;1;0;17;0;0;0;0;2;0;0;0;0;0;2;0;1;0;0
M68YD:03647:05258_SUB_SUB;113;0;0;0;0;0;0;0;2;1;2;2;0;1;0;1;0;2;6;1;0;8;0;4;0;0;0;3;1;0;0;0;0;2;0;0;0;0;0;0;0;2;4;8;0;0;0;1;2;0;6;0;0;0;0;0;0;5;8;6;4;0;0;0;0;0;12;3;2;4;0;2;0;5;0;0;0;0;0;0;0;0;0;0;0;0;3;0;0
M68YD:03019:00335_SUB_SUB;180;0;1;0;0;0;0;0;0;0;0;1;0;0;0;1;0;22;13;2;0;19;0;1;5;1;0;0;1;0;0;0;0;1;0;2;0;0;4;0;0;0;11;27;2;2;0;3;0;0;1;0;0;0;0;0;0;3;11;4;2;0;0;0;0;0;24;0;4;1;0;1;1;8;1;0;0;0;0;0;0;0;0;0;0;0;0;0;0
M68YD:04439:02020_SUB_SUB;727;0;0;0;0;0;0;0;1;1;0;0;0;0;0;0;0;115;40;1;1;175;0;1;0;4;0;1;0;0;0;0;0;1;0;0;0;0;16;0;0;1;17;46;4;0;0;10;0;0;3;0;0;0;0;0;0;4;108;7;3;0;0;0;0;0;114;1;3;1;1;0;0;40;0;0;0;0;5;0;0;0;0;0;1;0;1;0;0
M68YD:00466:01271_SUB_SUB;177;0;0;0;0;0;0;0;0;0;0;0;0;0;0;0;0;24;28;0;0;45;0;0;2;1;0;0;0;0;0;0;0;1;0;0;0;0;7;0;0;0;2;12;1;0;0;2;0;0;0;0;0;0;0;0;0;1;10;1;7;1;0;0;0;0;16;0;0;1;0;0;1;11;0;0;0;0;2;0;0;0;0;0;0;0;1;0;0
M68YD:04456:06829_SUB_SUB;222;1;2;1;0;0;0;0;3;3;4;8;0;0;0;2;0;1;17;1;0;24;0;6;0;6;0;1;4;0;0;0;0;4;0;1;0;0;1;0;0;5;7;18;0;2;0;1;0;0;10;0;0;0;0;0;0;12;8;15;2;0;0;0;0;0;10;12;10;1;0;0;0;4;0;0;0;0;0;7;0;0;0;1;0;0;7;0;0
M68YD:00077:01303_SUB_SUB;103;0;0;0;0;0;0;0;0;1;0;1;0;0;0;0;0;3;12;1;0;5;0;1;1;4;0;0;2;0;0;0;0;1;0;0;0;0;2;0;0;1;0;27;0;1;0;1;0;0;3;0;0;0;0;0;0;6;10;2;1;0;0;0;1;0;5;0;2;2;0;0;0;5;1;0;0;0;0;0;0;0;0;0;1;0;0;0;0
M68YD:01243:01052_SUB_SUB;100;1;0;0;0;0;0;0;0;1;2;1;1;0;0;3;0;3;6;2;0;6;0;3;2;3;0;2;1;0;0;0;0;5;0;1;0;0;0;0;0;1;4;6;0;0;0;0;1;0;4;0;0;0;0;0;0;5;3;6;1;0;0;0;0;0;6;5;4;1;1;2;0;3;0;0;0;0;0;2;0;0;0;1;0;0;1;0;0
M68YD:00517:05851_SUB_SUB;392;0;0;0;0;0;0;0;0;2;2;1;0;0;0;1;0;46;37;0;0;58;0;1;6;2;0;0;0;0;0;0;0;3;0;1;0;0;2;0;0;1;10;64;4;3;0;2;1;0;2;0;0;0;0;0;0;4;46;1;7;0;0;0;1;0;49;0;0;1;3;0;0;28;2;0;0;0;0;0;0;0;0;0;1;0;0;0;0
M68YD:05118:06450_SUB_SUB;206;0;0;0;0;0;0;0;0;0;0;0;0;0;0;0;0;26;24;0;0;57;0;2;1;2;0;0;1;0;0;0;0;1;0;0;0;3;7;0;0;0;4;21;3;0;0;2;0;0;3;0;0;0;0;0;0;0;13;0;0;0;0;0;0;0;16;0;0;1;0;0;0;17;0;0;0;0;1;0;0;0;0;0;1;0;0;0;0
M68YD:04526:07135_SUB_SUB;210;0;0;0;0;0;0;0;0;1;0;0;0;0;0;0;0;30;20;0;0;53;0;1;0;2;0;0;0;0;0;0;1;0;0;0;0;0;8;0;0;1;2;12;1;0;0;6;0;0;0;0;0;0;0;0;0;1;23;1;0;0;0;0;0;0;30;0;0;1;0;0;0;16;0;0;0;0;0;0;0;0;0;0;0;0;0;0;0
M68YD:00976:05674_SUB_SUB;794;0;0;0;0;0;0;0;2;1;2;0;0;0;0;0;0;128;43;1;0;199;0;3;0;4;0;0;0;1;0;0;0;4;0;0;0;2;13;2;0;0;14;20;9;0;0;20;0;0;4;0;0;0;0;0;0;2;133;6;3;0;0;0;0;0;130;0;0;0;1;0;0;37;1;0;0;0;5;0;0;0;0;0;3;0;1;0;0
M68YD:01155:04261_SUB_SUB;150;1;0;0;0;0;0;0;0;0;0;0;0;0;0;0;0;24;7;0;0;44;0;0;0;0;0;0;0;0;0;0;0;1;0;0;0;0;5;0;0;0;1;3;2;0;0;4;0;0;0;0;0;0;0;0;0;0;25;1;0;0;0;0;0;0;23;0;0;0;0;0;0;5;0;0;0;0;3;0;0;0;0;0;1;0;0;0;0
M68YD:00123:05964_SUB_SUB;101;0;0;0;0;0;0;0;0;2;0;1;0;0;0;0;0;9;17;0;0;19;0;0;1;0;0;0;0;0;0;0;0;0;0;0;0;1;4;0;0;0;1;10;1;1;0;2;0;0;1;0;0;0;0;0;0;0;3;1;1;0;0;0;0;0;13;0;0;0;0;0;0;10;0;0;0;0;2;0;0;0;0;0;0;0;1;0;0
M68YD:01029:05805_SUB_SUB;119;0;0;0;0;0;0;0;0;0;0;0;0;0;0;0;0;12;9;0;0;12;0;0;1;1;0;0;0;0;0;0;0;1;0;0;0;1;2;0;0;0;7;17;0;0;0;3;0;0;2;0;0;0;0;0;0;2;17;0;2;0;0;0;0;0;16;0;0;0;0;0;0;11;1;0;0;0;1;0;0;0;0;0;1;0;0;0;0
M68YD:00234:05197_SUB_SUB;113;0;0;0;0;0;0;0;0;0;0;0;0;0;0;0;0;10;5;0;0;33;0;0;0;1;0;0;0;0;0;0;0;0;0;0;0;0;1;0;0;1;1;2;5;0;0;1;0;0;0;0;0;0;0;0;0;0;28;0;0;0;0;0;0;0;20;0;1;0;0;0;1;1;0;0;0;0;0;0;0;0;0;0;0;0;2;0;0
M68YD:03844:01197_SUB_SUB;103;0;0;0;0;0;0;0;1;3;6;3;0;1;0;1;0;1;3;0;0;21;0;3;0;12;0;0;2;0;0;0;0;0;0;0;0;0;0;0;0;1;2;7;0;0;0;0;0;0;5;0;0;0;0;0;0;4;0;6;0;0;0;0;0;0;0;6;6;1;0;0;0;0;0;0;0;0;0;1;0;0;0;0;0;0;7;0;0
M68YD:05183:01421_SUB_SUB;154;2;1;0;0;0;1;0;0;7;4;7;2;0;0;1;0;1;5;1;0;18;0;2;2;18;0;0;6;0;0;0;0;1;0;0;0;0;0;0;0;3;4;20;0;1;0;0;0;0;1;0;0;0;0;0;0;18;0;3;1;0;0;0;0;0;1;3;4;5;0;0;0;0;0;0;0;0;0;2;0;0;0;0;0;0;9;0;0
M68YD:01161:06157_SUB_SUB;610;0;0;1;1;1;2;0;1;14;10;17;0;0;0;4;1;2;21;8;0;39;0;25;0;23;0;5;22;0;1;0;0;17;0;1;0;0;5;3;0;5;21;43;0;19;0;1;0;0;44;0;0;0;0;0;0;40;15;34;6;0;0;0;0;0;32;25;38;1;3;5;2;26;3;0;0;0;0;5;0;0;0;0;0;0;15;0;3
M68YD:01019:04012_SUB_SUB;884;0;0;0;0;0;0;0;0;0;1;0;1;0;0;0;0;132;81;1;1;209;0;2;1;2;0;2;2;0;1;0;0;1;0;1;0;2;25;0;0;2;9;51;8;0;0;14;1;0;6;0;0;0;0;0;0;1;100;2;12;0;0;0;0;0;138;1;1;2;2;0;0;58;0;0;0;0;4;2;0;0;0;0;4;0;1;0;0
M68YD:01753:05484_SUB_SUB;213;1;0;0;0;0;0;0;0;0;0;0;0;0;0;0;0;36;1;0;0;58;0;0;0;0;0;0;2;0;0;0;0;2;0;0;0;0;2;0;0;0;1;3;2;0;0;6;0;0;0;0;0;0;0;0;1;1;56;3;0;0;0;0;0;0;33;0;0;0;0;0;0;4;0;0;0;0;1;0;0;0;0;0;0;0;0;0;0
M68YD:04286:01271_SUB_SUB;132;1;0;0;0;0;0;0;0;0;0;0;0;0;0;0;0;11;10;0;0;45;0;0;1;0;0;0;0;0;0;0;0;1;0;0;0;0;7;0;0;0;0;10;2;0;0;3;0;0;0;0;0;0;0;0;0;0;15;0;1;0;0;0;0;0;16;0;0;0;0;0;0;6;0;0;0;0;1;0;0;0;0;0;2;0;0;0;0
M68YD:00421:01218_SUB_SUB;1054;4;6;0;2;1;0;0;3;30;31;52;1;1;0;6;0;18;37;6;0;126;0;21;8;82;0;0;25;0;1;0;0;12;0;2;0;0;3;1;0;11;22;87;0;18;0;1;2;0;41;0;0;0;0;0;0;84;9;32;4;0;0;0;2;0;14;52;92;22;1;2;0;17;1;0;0;0;0;11;0;0;0;0;0;0;50;0;0
M68YD:04358:06885_SUB_SUB;247;0;0;0;0;0;0;0;0;0;0;0;0;0;0;0;0;51;11;0;0;73;0;0;0;0;0;0;0;0;0;0;0;0;0;0;0;0;4;0;0;0;0;1;2;0;0;6;0;0;1;0;0;0;0;0;1;0;47;0;0;0;0;0;0;0;37;0;0;0;1;0;0;11;0;0;0;0;1;0;0;0;0;0;0;0;0;0;0
M68YD:00635:00743_SUB_SUB;106;0;0;0;0;0;0;0;0;0;0;0;0;0;0;0;0;27;9;0;0;33;0;0;0;0;0;0;0;0;0;0;0;0;0;1;0;2;1;0;0;0;1;3;1;0;0;4;0;0;0;0;0;0;0;0;0;0;8;1;1;0;0;0;0;0;10;0;0;0;0;0;0;4;0;0;0;0;0;0;0;0;0;0;0;0;0;0;0
M68YD:01468:04295_SUB_SUB;112;0;0;0;0;0;0;0;0;0;0;0;0;0;0;0;0;11;8;0;0;28;0;0;0;0;0;0;0;0;0;0;0;0;0;0;0;0;1;0;0;0;1;12;0;0;0;1;0;0;1;0;0;0;0;0;0;0;12;0;2;0;0;0;0;0;19;0;0;0;0;0;0;13;0;0;0;0;1;0;0;0;0;0;1;0;1;0;0
M68YD:03904:01903_SUB_SUB;220;0;1;1;0;0;1;0;2;5;4;5;0;0;0;1;2;4;9;1;0;21;0;13;1;8;0;2;6;0;2;0;0;5;0;2;0;0;0;1;0;3;8;23;0;3;0;0;0;0;9;0;0;0;0;0;0;13;1;5;1;0;0;0;0;0;3;10;16;4;1;1;0;5;2;0;0;0;0;1;0;0;0;0;0;0;14;0;0
M68YD:00969:03433_SUB_SUB;133;0;0;0;0;0;1;0;0;3;6;2;2;0;0;2;0;5;7;1;0;18;0;4;0;9;0;0;3;0;0;0;0;3;0;0;0;0;0;0;0;2;4;9;0;1;0;0;0;0;5;0;0;0;0;0;0;7;2;3;2;0;0;0;0;0;4;6;10;1;0;1;0;3;0;0;0;0;0;0;0;0;0;0;0;0;7;0;0
M68YD:01086:04851_SUB_SUB;115;0;0;0;0;0;0;0;0;2;2;4;0;0;0;1;1;0;3;0;0;18;0;4;2;4;0;0;2;0;0;0;0;3;0;0;0;0;0;0;0;0;3;8;0;2;0;0;0;0;6;0;0;0;0;0;0;4;6;4;3;0;0;0;0;0;6;3;7;1;1;0;1;7;1;0;0;0;0;1;0;0;0;1;0;0;4;0;0
M68YD:01276:07106_SUB_SUB;102;0;0;0;0;0;0;0;4;0;1;0;0;0;0;0;0;3;10;0;0;10;0;2;1;2;0;0;1;0;0;0;0;0;0;0;0;0;1;0;0;0;6;17;1;1;0;0;0;0;7;0;0;0;0;0;0;1;5;7;3;0;0;0;0;0;10;2;0;0;0;0;0;2;0;0;0;0;0;2;0;0;0;1;0;0;2;0;0
M68YD:01543:06186_SUB_SUB;101;0;0;0;0;0;0;0;0;1;0;0;0;0;0;0;0;17;2;0;0;22;0;0;0;0;0;1;0;0;0;0;0;1;0;0;0;0;1;0;0;0;0;2;0;0;0;4;0;0;0;0;0;0;0;0;0;0;25;2;1;0;0;0;0;0;17;0;0;0;0;0;0;2;1;0;0;0;0;0;0;0;0;0;0;0;2;0;0
M68YD:00647:00487_SUB_SUB;122;0;0;0;0;0;0;0;0;0;0;0;0;0;0;0;0;24;7;0;0;29;0;0;1;0;0;0;0;0;0;0;0;1;0;0;0;1;6;0;0;0;1;5;1;0;0;1;0;0;0;0;0;0;0;0;0;0;18;0;1;0;0;0;0;0;17;0;1;0;0;0;0;8;0;0;0;0;0;0;0;0;0;0;0;0;0;0;0
M68YD:03486:04251_SUB_SUB;353;0;0;0;0;0;1;0;1;0;1;1;2;6;0;7;1;13;20;22;1;2;0;0;5;13;0;0;0;0;0;0;0;0;0;12;0;0;0;2;0;1;6;23;0;2;0;0;0;0;6;0;0;0;0;0;0;1;133;28;0;0;0;0;0;0;7;4;7;0;0;0;0;12;1;0;0;0;0;1;0;0;0;1;0;0;10;0;0
M68YD:03390:01530_SUB_SUB;884;0;0;0;0;0;0;0;7;3;3;11;6;9;0;24;5;15;44;20;0;13;0;16;18;33;0;0;1;0;0;0;0;0;0;21;0;0;3;12;0;0;6;91;1;2;0;0;0;12;11;0;0;0;0;0;0;22;297;48;4;0;0;0;0;0;8;20;18;0;0;0;0;58;0;0;0;0;0;5;0;0;0;0;0;0;17;0;0
M68YD:05022:06211_SUB_SUB;162;0;0;0;0;0;0;0;1;0;0;1;0;1;0;1;0;5;7;2;0;2;0;2;2;7;0;0;0;0;0;0;0;0;0;2;0;0;1;0;0;0;0;9;0;0;0;0;0;0;2;0;0;0;0;0;0;5;80;6;0;0;0;0;0;0;5;3;2;0;0;0;0;11;0;0;0;0;0;0;1;0;0;0;0;0;4;0;0
M68YD:00724:01688_SUB_SUB;6616;0;9;0;0;1;2;0;18;15;15;65;52;8;0;52;10;84;171;64;1;53;0;48;59;251;0;0;3;0;0;0;0;0;0;76;0;0;9;23;0;9;57;412;5;13;0;0;0;0;122;0;0;0;0;0;0;105;3952;218;28;0;0;0;2;0;41;74;81;0;1;0;0;299;4;0;0;0;0;34;0;1;0;1;0;0;65;0;3
M68YD:04077:05028_SUB_SUB;367;0;0;0;0;0;0;0;1;3;2;0;1;0;0;0;0;3;4;4;0;2;0;3;2;18;0;0;0;0;0;0;0;0;0;4;0;0;0;0;0;0;0;20;1;0;0;0;0;0;3;0;0;0;0;0;0;10;242;11;1;0;0;0;0;0;2;5;2;0;0;0;0;13;0;0;0;0;0;2;0;0;0;0;0;0;8;0;0
M68YD:02137:05363_SUB_SUB;210;0;0;0;0;0;0;0;1;0;0;0;2;0;0;1;0;3;8;3;0;2;0;1;3;5;0;0;0;0;0;0;0;0;0;3;0;0;0;0;0;0;0;11;0;1;0;0;0;0;3;0;0;0;0;0;0;5;132;8;2;0;0;0;0;0;3;1;0;0;0;0;0;9;0;0;0;0;0;2;0;0;0;0;0;0;1;0;0
M68YD:01601:05116_SUB_SUB;271;0;0;0;0;0;0;0;0;1;0;2;1;0;0;1;1;4;10;0;0;2;0;1;3;12;0;0;1;0;0;0;0;0;0;5;0;0;1;0;0;0;2;21;1;0;0;0;0;0;3;0;0;0;0;0;0;3;156;10;1;0;0;0;0;0;1;2;4;0;0;0;0;16;0;0;0;0;0;3;0;1;0;0;0;0;2;0;0
M68YD:03305:04826_SUB_SUB;109;0;0;0;0;0;0;0;0;0;0;0;1;0;0;0;0;2;2;1;0;1;0;0;3;4;0;0;0;0;0;0;0;0;0;2;0;0;0;0;0;0;1;2;0;0;0;0;0;0;2;0;0;0;0;0;0;1;73;5;0;0;0;0;0;0;0;1;1;0;0;0;0;3;0;0;0;0;0;0;0;0;0;0;0;0;4;0;0
M68YD:00042:03614_SUB_SUB;607;0;0;0;0;0;0;0;0;0;0;0;0;0;0;0;0;0;0;0;0;0;0;0;0;0;0;0;0;0;0;0;0;0;0;0;0;0;0;0;0;0;0;0;0;0;0;0;0;1;0;0;0;0;0;0;0;0;0;0;0;0;0;0;0;0;0;0;0;0;0;0;0;0;0;0;0;0;0;0;208;0;176;0;0;0;0;222;0
M68YD:04571:01885_SUB_SUB;136900;0;0;0;0;0;0;0;0;0;2;0;0;0;0;0;3;0;0;0;0;0;0;0;0;0;0;0;0;0;1;910;0;0;0;0;0;0;0;0;0;0;0;0;0;0;0;0;0;110;0;0;0;6;19;0;0;14;738;0;0;0;0;0;0;0;0;1;1;0;1;1;0;1;0;0;0;0;0;1;52745;3;38837;0;0;0;1;43505;0
M68YD:04138:06966_SUB_SUB;17279;0;0;0;0;0;0;0;0;0;0;0;0;0;0;0;0;0;0;0;0;0;0;0;0;0;0;0;0;0;0;68;0;0;0;0;0;0;0;0;0;0;0;0;0;0;0;0;0;8;0;0;0;0;0;0;0;0;60;0;0;0;0;0;0;0;0;0;0;0;1;0;0;0;0;1;0;0;0;0;8067;0;4694;0;0;0;0;4380;0
M68YD:00153:02259_SUB_SUB;1892;0;0;0;0;0;0;0;0;0;0;0;0;0;0;0;0;0;0;0;0;0;0;0;0;0;0;0;0;0;0;4;0;0;0;0;0;0;0;0;0;0;0;0;0;0;0;0;0;0;0;0;0;0;0;0;0;0;2;0;0;0;0;0;0;0;0;0;0;0;0;0;0;0;0;0;0;0;0;0;966;0;460;0;0;0;0;460;0
M68YD:00320:03408_SUB_SUB;7608;0;0;0;0;0;0;0;0;0;0;0;0;0;0;0;0;0;0;0;0;0;0;0;0;0;0;0;0;0;0;24;0;0;0;0;0;0;0;0;0;0;0;0;0;0;0;0;0;1;0;0;0;0;0;0;0;0;8;0;0;0;0;0;0;0;0;0;0;0;0;0;0;0;0;0;0;0;0;0;3677;0;1972;0;0;0;0;1926;0
M68YD:05036:03956_SUB_SUB;172;0;0;0;0;0;0;0;0;0;0;0;0;0;0;0;0;0;0;0;0;0;0;0;0;0;0;0;0;0;0;2;0;0;0;0;0;0;0;0;0;0;0;0;0;0;0;0;0;0;0;0;0;0;0;0;0;0;0;0;0;0;0;0;0;0;0;0;0;0;0;0;0;0;0;0;0;0;0;0;79;0;39;0;0;0;0;52;0
M68YD:01171:06022_SUB_SUB;636;0;0;0;0;0;0;0;0;0;0;0;0;0;0;0;0;0;0;0;0;0;0;0;0;0;0;0;0;0;0;1;0;0;0;0;0;0;0;0;0;0;0;0;0;0;0;0;0;0;0;0;0;0;0;0;0;0;53;0;0;0;0;0;0;0;0;0;0;0;0;0;0;0;0;0;0;0;0;0;227;0;77;0;0;0;0;278;0
M68YD:00055:03604_SUB_SUB;1163;0;0;0;0;0;0;0;0;0;0;0;0;0;0;0;0;0;0;0;0;0;0;0;0;0;0;0;0;0;0;5;0;0;0;0;0;0;0;0;0;0;0;0;0;0;0;0;0;0;0;0;0;0;0;0;0;0;38;0;0;0;0;0;0;0;0;0;0;0;0;0;0;0;0;0;0;0;0;0;256;0;392;0;0;0;0;472;0
M68YD:00425:06064_SUB_SUB;3491;0;0;0;0;0;0;0;0;0;0;0;0;0;0;0;0;0;0;0;0;0;0;0;0;0;0;0;0;0;0;16;0;0;0;0;0;0;0;0;0;0;0;0;0;0;0;0;0;1;0;0;0;0;0;0;0;2;16;0;0;0;0;0;0;0;0;0;0;0;0;0;0;0;0;0;0;0;0;0;1267;0;992;0;0;0;0;1197;0
M68YD:03759:01788_SUB_SUB;2340;0;0;0;0;0;0;0;0;0;0;0;0;0;0;0;0;0;0;0;0;0;0;0;0;0;0;0;0;0;0;11;0;0;0;0;0;0;0;0;0;0;0;0;0;0;0;0;0;2;0;0;0;0;0;0;0;1;11;0;0;0;0;0;0;0;0;0;0;0;0;1;0;0;0;0;0;0;0;0;840;0;742;0;0;0;0;732;0
M68YD:00454:00815_SUB_SUB;610;0;0;0;0;0;0;0;0;0;0;0;0;0;0;0;0;0;0;0;0;0;0;0;0;0;0;0;0;0;0;3;0;0;0;0;0;0;0;0;0;0;0;0;0;0;0;0;0;0;0;0;0;0;0;0;0;0;4;0;0;0;0;0;0;0;0;0;0;0;0;0;0;0;0;0;0;0;0;0;283;0;161;0;0;0;1;158;0
M68YD:03512:03811_SUB_SUB;462;0;0;0;0;0;0;0;0;0;0;0;0;0;0;0;0;0;0;0;0;0;0;0;0;0;0;0;0;0;0;4;0;0;0;0;0;0;0;0;0;0;0;0;0;0;0;0;0;0;0;0;0;0;0;0;0;0;2;0;1;0;0;0;0;0;0;0;0;0;0;0;0;0;0;0;0;0;0;0;165;0;124;0;0;0;0;166;0
M68YD:02001:01010_SUB_SUB;289;0;0;0;0;0;0;0;0;0;0;0;0;0;0;0;0;0;0;0;0;0;0;0;0;0;0;0;0;0;0;1;0;0;0;0;0;0;0;0;0;0;0;0;0;0;0;0;0;1;0;0;0;0;0;0;0;0;1;0;0;0;0;0;0;0;0;0;0;0;0;0;0;0;0;0;0;0;0;0;164;0;55;0;0;0;0;67;0
M68YD:05037:01541_SUB_SUB;248;0;0;0;0;0;0;0;0;0;0;0;0;0;0;0;0;0;0;0;0;0;0;0;0;0;0;0;0;0;0;0;0;0;0;0;0;0;0;0;0;0;0;0;0;0;0;0;0;0;0;0;0;0;0;0;0;0;10;0;0;0;0;0;0;0;0;0;0;0;0;0;0;0;0;0;0;0;0;0;66;0;91;0;0;0;0;81;0
M68YD:05197:01995_SUB_SUB;1220;0;0;0;0;0;0;0;0;0;0;0;0;0;0;0;0;0;0;0;0;0;0;0;0;0;0;0;0;0;0;3;0;0;0;0;0;0;0;0;0;0;0;0;0;0;0;0;0;0;0;0;0;0;0;0;0;1;1;0;0;0;0;0;0;0;0;0;0;0;0;0;0;0;0;0;0;0;0;0;677;0;246;0;0;0;0;292;0
M68YD:04854:01343_SUB_SUB;148;0;0;0;0;0;0;0;0;0;0;0;0;0;0;0;0;0;0;0;0;0;0;0;0;0;0;0;0;0;0;0;0;0;0;0;0;0;0;0;0;0;0;0;0;0;0;0;0;0;0;0;0;0;0;0;0;0;3;0;0;0;0;0;0;0;0;0;0;0;0;0;0;0;0;0;0;0;0;0;48;0;48;0;0;0;0;49;0
M68YD:00834:07182_SUB_SUB;175;0;0;0;0;0;0;0;0;0;0;0;0;0;0;0;0;0;0;0;0;0;0;0;0;0;0;0;0;0;0;0;0;0;0;0;0;0;0;0;0;0;0;0;0;0;0;0;0;0;0;0;0;0;0;0;0;0;1;0;0;0;0;0;0;0;0;0;0;0;0;0;0;0;0;0;0;0;0;0;74;0;50;0;0;0;0;50;0
M68YD:01093:03790_SUB_SUB;343;0;0;0;0;0;0;0;0;0;0;0;0;0;0;0;0;0;0;0;0;0;0;0;0;0;0;0;0;0;0;3;0;0;0;0;0;0;0;0;0;0;0;0;0;0;0;0;0;0;0;0;0;0;0;0;0;0;4;0;0;0;0;0;0;0;0;0;0;0;0;0;0;0;0;0;0;0;0;0;79;0;127;0;0;0;0;130;0
M68YD:00508:03167_SUB_SUB;857;0;0;0;0;0;0;0;0;0;0;0;0;0;0;0;0;0;0;0;0;0;0;0;0;0;0;0;0;0;0;3;0;0;0;0;0;0;0;0;0;0;0;0;0;0;0;0;0;0;0;0;0;0;0;0;0;0;4;0;0;0;0;0;0;0;0;0;0;0;0;0;0;0;0;0;0;0;0;0;322;0;245;0;0;0;0;283;0
M68YD:01843:01808_SUB_SUB;129;0;0;0;0;0;0;0;0;0;0;0;0;0;0;0;0;0;0;0;0;0;0;0;0;0;0;0;0;0;0;1;0;0;0;0;0;0;0;0;0;0;0;0;0;0;0;0;0;0;0;0;0;0;0;0;0;0;3;0;0;0;0;0;0;0;0;0;0;0;0;0;0;0;0;0;0;0;0;0;42;0;48;0;0;0;0;35;0
M68YD:01535:07110_SUB_SUB;150;0;0;0;0;0;0;0;0;0;0;0;0;0;0;0;0;0;0;0;0;0;0;0;0;0;0;0;0;0;0;1;0;0;0;0;0;0;0;0;0;0;0;0;0;0;0;0;0;0;0;0;0;0;0;0;0;0;5;0;0;0;0;0;0;0;0;0;0;0;0;0;0;0;0;0;0;0;0;0;40;0;46;0;0;0;0;58;0
M68YD:00123:02313_SUB_SUB;194;0;0;0;0;0;0;0;0;0;0;0;0;0;0;0;0;0;0;0;0;0;0;0;0;0;0;0;0;0;0;0;0;0;0;0;0;0;0;0;0;0;0;0;0;0;0;0;0;0;0;0;0;0;0;0;0;0;67;0;0;0;0;0;0;0;0;0;0;0;0;0;0;0;0;0;0;0;0;0;35;0;30;0;0;0;0;62;0
M68YD:04746:01684_SUB_SUB;105;0;0;0;0;0;0;0;0;0;0;0;0;0;0;0;0;0;0;0;0;0;0;0;0;0;0;0;0;0;0;0;0;0;0;0;0;0;0;0;0;0;0;0;0;0;0;0;0;0;0;0;0;0;0;0;0;0;0;0;0;0;0;0;0;0;0;0;0;0;0;0;0;0;0;0;0;0;0;0;26;0;39;0;0;0;0;40;0
M68YD:05116:06568_SUB_SUB;205;0;0;0;0;0;0;0;0;0;0;0;0;0;0;0;0;0;0;0;0;0;0;0;0;0;0;0;0;0;0;1;0;0;0;0;0;0;0;0;0;0;0;0;0;0;0;0;0;0;0;0;0;0;0;0;0;0;1;0;0;0;0;0;0;0;0;0;0;0;0;0;0;0;0;0;0;0;0;0;98;0;52;0;0;0;0;53;0
M68YD:00571:04515_SUB_SUB;2864;0;0;0;0;0;0;0;0;0;0;0;0;0;0;0;0;0;0;0;0;0;0;0;0;0;0;0;0;0;0;13;0;0;0;0;0;0;0;0;0;0;0;0;0;0;0;0;0;0;0;0;0;0;0;0;0;0;0;0;0;0;0;0;0;0;0;0;0;0;0;0;0;0;0;0;0;0;0;0;1788;0;521;0;0;0;0;542;0
M68YD:03415:07235_SUB_SUB;194;0;0;0;0;0;0;0;0;0;0;0;0;0;0;0;0;0;0;0;0;0;0;0;0;0;0;0;0;0;0;0;0;0;0;0;0;0;0;0;0;0;0;0;0;0;0;0;0;0;0;0;0;0;0;0;0;0;3;0;0;0;0;0;0;0;0;0;0;0;0;0;0;0;0;0;0;0;0;0;53;0;48;0;0;0;0;90;0
M68YD:00926:04161_SUB_SUB;176;0;0;0;0;0;0;0;0;0;0;0;0;0;0;0;0;0;0;0;0;0;0;0;0;0;0;0;0;0;0;5;0;0;0;0;0;0;0;0;0;0;0;0;0;0;0;0;0;0;0;0;0;0;0;0;0;0;0;0;0;0;0;0;0;0;0;0;0;0;0;0;0;0;0;0;0;0;0;0;102;0;45;0;0;0;0;24;0
M68YD:00050:02349_SUB_SUB;280;0;0;0;0;0;0;0;0;0;0;0;0;0;0;0;0;0;0;0;0;0;0;0;0;0;0;0;0;0;0;0;0;0;0;0;0;0;0;0;0;0;0;0;0;0;0;0;0;0;0;0;0;0;0;0;0;0;0;0;0;0;0;0;0;0;0;0;0;0;0;0;0;0;0;0;0;0;0;0;56;0;132;0;0;0;0;92;0
M68YD:02044:03870_SUB_SUB;464;0;2;0;1;0;1;3;0;0;0;0;0;0;4;1;1;0;2;1;0;0;223;4;0;1;1;0;0;1;0;0;0;1;0;0;1;0;0;0;0;0;0;1;0;0;0;1;4;1;1;2;2;22;70;0;1;0;2;0;0;0;16;0;1;0;1;1;1;0;17;0;0;1;0;1;12;0;0;3;1;52;0;0;0;0;0;1;1
M68YD:00306:01083_SUB_SUB;800;0;0;0;0;0;0;0;2;0;2;14;5;1;0;3;2;10;21;10;0;2;0;23;2;26;0;0;0;0;0;0;0;0;0;15;0;0;0;0;0;3;16;5;2;0;0;0;0;0;1;0;0;0;0;0;0;22;483;10;0;0;0;0;0;0;3;0;35;0;0;0;0;55;0;0;0;0;0;3;0;0;0;1;0;0;23;0;0
M68YD:01124:00419_SUB_SUB;280;0;0;0;0;0;0;0;0;0;1;7;1;2;0;0;1;2;13;6;0;1;0;6;0;8;0;0;0;0;0;0;0;0;0;3;0;0;0;0;0;1;9;4;1;1;0;0;0;0;0;0;0;0;0;0;0;8;155;4;0;0;0;0;0;0;1;1;11;0;0;0;0;27;0;0;0;0;0;3;0;0;0;0;0;0;3;0;0
M68YD:01282:05610_SUB_SUB;462;0;0;0;0;0;0;0;0;0;0;0;0;0;0;0;1;0;0;0;0;0;0;0;0;0;0;0;0;0;0;0;0;0;0;0;0;0;0;0;0;0;0;0;0;0;0;0;0;0;0;0;0;0;0;0;0;2;0;0;0;0;0;0;0;0;0;0;0;0;0;0;0;0;0;0;0;0;0;0;95;0;201;0;0;0;0;163;0
M68YD:02884:07095_SUB_SUB;813;0;0;0;0;0;0;0;0;0;0;0;0;0;0;0;0;0;0;0;0;0;0;0;0;0;0;0;0;0;0;1;0;0;0;0;0;0;0;0;0;0;0;0;0;0;0;0;0;0;0;0;0;0;0;0;0;0;0;0;0;0;0;0;0;0;0;0;0;0;0;0;0;0;0;0;0;0;0;0;335;0;172;0;0;0;0;305;0
M68YD:00704:06287_SUB_SUB;144;0;0;0;0;0;0;0;0;0;0;0;0;0;0;0;0;0;0;0;0;0;0;0;0;0;0;0;0;0;0;0;0;0;0;0;0;0;0;0;0;0;0;0;0;0;0;0;0;0;144;0;0;0;0;0;0;0;0;0;0;0;0;0;0;0;0;0;0;0;0;0;0;0;0;0;0;0;0;0;0;0;0;0;0;0;0;0;0
M68YD:04378:07030_SUB_SUB;717;0;0;0;0;0;0;0;0;0;0;0;0;0;0;0;0;0;0;0;0;0;0;0;0;0;0;0;0;0;0;0;0;0;0;0;0;0;0;0;0;0;0;0;0;0;0;0;0;0;0;0;0;0;0;0;0;0;0;0;0;0;0;0;0;0;0;0;0;0;0;0;0;0;0;0;0;0;0;0;298;0;73;0;0;0;0;346;0
M68YD:04122:06796_SUB_SUB;714;0;0;0;0;0;0;0;0;0;0;0;0;0;0;0;0;0;0;0;0;0;0;0;0;0;0;0;0;0;0;0;0;0;0;0;0;0;0;0;0;0;0;0;0;0;0;0;0;0;0;0;0;0;0;0;0;0;0;0;0;0;0;0;0;0;0;0;0;0;0;0;0;0;0;0;0;0;0;0;367;0;50;0;0;0;0;297;0
M68YD:00986:06298_SUB_SUB;4187;8;14;0;0;0;2;4;8;41;15;30;5;6;52;73;2;81;202;38;2;166;0;111;34;123;169;86;11;0;22;2;0;267;42;98;15;4;8;9;2;32;83;334;6;12;0;40;97;3;329;40;3;15;6;1;8;16;156;279;27;5;2;11;0;11;72;61;30;143;0;6;2;47;5;10;8;29;33;55;54;13;70;0;72;14;144;50;1
M68YD:03954:03975_SUB_SUB;232;0;0;0;0;0;0;0;0;2;1;2;0;0;2;10;0;5;11;2;0;4;0;10;1;6;6;7;2;0;0;0;1;10;3;4;0;2;0;2;0;2;4;21;0;1;0;3;3;0;25;1;0;1;0;0;0;4;8;8;1;0;0;0;0;0;8;7;0;8;0;0;1;6;1;0;0;4;5;2;1;1;2;0;5;1;5;0;0
M68YD:03604:05286_SUB_SUB;206;0;1;0;0;0;0;0;4;0;0;3;0;0;0;0;1;0;0;0;0;0;0;21;3;0;24;28;1;0;0;0;0;0;6;41;0;0;1;0;0;0;0;0;0;5;0;4;2;0;0;5;0;2;0;0;0;0;0;10;0;7;0;3;0;1;3;0;0;19;0;0;0;0;0;2;0;0;1;0;0;0;7;0;0;1;0;0;0
M68YD:00447:06899_SUB_SUB;197;0;0;0;0;0;0;0;4;0;2;13;0;0;0;0;0;0;0;0;0;2;0;0;1;6;0;0;0;0;0;0;0;0;0;0;0;0;0;1;0;1;2;19;0;0;0;0;0;0;2;0;0;0;0;0;0;27;100;0;3;0;0;0;0;0;0;1;8;0;0;0;0;4;0;0;0;0;0;0;0;0;0;0;0;0;1;0;0