OTU id;count;E00944148;E00944149;E00944151;E00944152;E00944153;E00944154;E00944156;E00944157;E00944160;E00944167;E00963469;E00963471;E00963474;E00963476;E00963478;E00963482;E00963484;E00963485;E00963490;E00963491;E00963492;E00963493;E00963495;E00963496;E00963497;E00963498;E00963499;E00963500;E00963501;E00963502;E00963505;E00963506;E00963508;E00963509;E00963510;E00963511;E00963512;E00963740;E00963743;E00963746;E00963750;E00963751;E00963753;E00963757;E00963761;E00963764;E00963842;E00963843;E00963845;E00963846;E00963850;E00963852;E00963853;E00963856;E00963857;E00963859;E00963864;E00982230;E00982232;E00982233;E00982239;E00982241;E00982256;E00982258;E00982259;E00982260;E00982262;E00982264;E00982266;E00982271;E00982273;E00982477;E00982478;E00982481;E00982487;E00982488;E00982489;E00982490;E00982493;E00982494;E00982496;E00982497;E00982499;E00982501
M68YD:00590:02532_SUB_SUB;366;0;113;11;0;13;0;0;132;0;54;0;0;0;0;0;0;0;0;0;0;0;0;0;0;0;0;0;0;0;0;0;0;0;0;0;0;0;0;0;0;0;21;0;0;0;0;0;0;0;0;0;0;0;0;0;0;0;0;0;0;0;0;0;0;2;0;5;15;0;0;0;0;0;0;0;0;0;0;0;0;0;0;0;0
M68YD:00076:02093_SUB_SUB;144;0;89;0;0;1;0;0;18;0;35;0;0;0;0;0;0;0;0;0;0;0;0;0;0;0;0;0;0;0;0;0;0;0;0;0;0;0;0;0;0;0;0;0;0;0;0;0;0;0;0;0;0;0;0;0;0;0;0;0;0;0;0;0;0;0;0;1;0;0;0;0;0;0;0;0;0;0;0;0;0;0;0;0;0
M68YD:00075:04526_SUB_SUB;124;0;26;0;0;0;0;0;78;0;20;0;0;0;0;0;0;0;0;0;0;0;0;0;0;0;0;0;0;0;0;0;0;0;0;0;0;0;0;0;0;0;0;0;0;0;0;0;0;0;0;0;0;0;0;0;0;0;0;0;0;0;0;0;0;0;0;0;0;0;0;0;0;0;0;0;0;0;0;0;0;0;0;0;0
M68YD:01396:02538_SUB_SUB;511;1;0;0;0;0;1;0;0;6;0;0;0;0;15;0;0;3;2;0;49;0;11;0;0;49;0;0;5;0;3;0;0;0;0;0;1;3;17;0;0;6;95;0;0;0;1;0;0;3;0;0;0;0;0;0;0;2;1;0;15;0;0;1;0;5;0;15;8;2;2;4;1;0;0;164;0;0;0;8;0;0;11;0;1
M68YD:02342:07033_SUB_SUB;14572;0;0;0;0;0;0;0;1;0;8;0;0;0;99;4;0;0;0;0;0;0;0;179;17;536;954;0;974;33;0;0;6;0;0;0;17;21;3;1;55;6261;126;19;456;0;27;120;2347;154;0;9;3;0;0;0;0;0;984;2;23;0;4;0;15;7;0;6;560;0;0;1;137;12;1;31;0;1;0;11;0;0;13;0;334
M68YD:04853:02670_SUB_SUB;912;0;0;0;0;0;0;0;0;0;1;0;0;0;6;1;0;0;0;0;0;0;0;13;0;14;49;0;51;3;0;0;0;0;0;0;1;2;0;0;5;442;7;0;20;0;0;1;178;8;0;1;0;0;0;0;0;0;46;0;2;0;0;0;1;0;0;0;29;0;0;1;9;1;0;2;0;0;0;1;0;0;0;0;17
M68YD:00849:00564_SUB_SUB;124;0;0;0;0;0;0;0;0;0;0;0;0;0;1;0;0;0;0;0;0;0;0;2;1;6;9;0;11;0;0;0;0;0;0;0;0;0;0;0;1;43;1;0;3;0;0;0;28;1;0;0;0;0;0;0;0;0;7;0;1;0;0;0;0;0;0;0;5;0;0;0;1;0;0;0;0;0;0;0;0;0;0;0;3
M68YD:01217:06219_SUB_SUB;422;0;0;0;0;0;0;0;0;0;0;0;0;0;2;0;0;0;0;0;0;0;0;0;0;5;46;0;33;4;0;0;0;0;0;0;0;1;0;0;0;138;2;0;19;0;0;0;70;7;0;0;0;0;0;0;0;0;36;0;1;0;0;0;0;0;0;0;38;0;0;0;3;0;0;5;0;0;0;1;0;0;6;0;5
M68YD:01130:04364_SUB_SUB;123;0;0;0;0;0;0;0;0;0;0;0;0;0;0;0;0;0;0;0;0;0;0;0;0;8;8;0;8;0;0;0;0;0;0;0;0;0;0;0;0;46;2;0;1;0;1;1;22;2;0;0;0;0;0;0;0;0;10;0;0;0;1;0;0;0;0;0;9;0;0;0;1;0;0;0;0;0;0;0;0;0;0;0;3
M68YD:04131:06926_SUB_SUB;226;0;0;0;0;0;0;0;0;0;0;0;0;0;0;0;0;0;0;0;0;0;0;0;0;0;0;0;0;0;0;0;0;0;0;0;0;0;0;0;0;0;0;0;0;0;0;0;0;0;0;0;0;0;0;0;0;0;0;0;0;0;0;0;0;226;0;0;0;0;0;0;0;0;0;0;0;0;0;0;0;0;0;0;0
M68YD:04024:06944_SUB_SUB;240;0;0;0;0;0;0;0;0;0;0;0;0;0;0;0;0;0;0;0;0;0;0;0;0;0;0;0;0;0;0;0;0;0;0;0;0;0;0;0;0;0;0;0;0;0;0;0;0;0;0;0;0;0;0;0;0;0;0;0;0;0;0;0;0;240;0;0;0;0;0;0;0;0;0;0;0;0;0;0;0;0;0;0;0
M68YD:04440:02571_SUB_SUB;392;0;0;0;0;0;0;0;0;10;0;0;0;0;0;0;0;0;0;0;22;0;2;0;0;11;0;0;31;0;0;0;0;0;0;0;0;2;0;0;0;0;22;1;0;4;12;0;6;2;0;0;1;0;0;0;0;0;7;0;3;0;5;0;0;0;0;0;0;0;0;0;0;0;0;251;0;0;0;0;0;0;0;0;0
M68YD:02504:03717_SUB_SUB;255;0;0;0;0;0;0;0;0;0;0;0;0;0;0;0;0;0;0;1;47;0;0;0;0;0;2;0;16;2;6;0;0;8;0;0;0;0;0;0;2;0;10;0;32;0;4;1;1;0;0;0;0;0;0;1;0;0;0;0;2;0;0;0;0;0;0;100;1;7;0;9;1;0;0;2;0;0;0;0;0;0;0;0;0
M68YD:00021:04891_SUB_SUB;383;4;60;2;0;0;0;0;179;0;134;0;0;0;0;0;0;0;0;0;0;0;0;0;0;0;0;0;0;0;0;0;0;0;0;0;0;0;0;0;0;0;4;0;0;0;0;0;0;0;0;0;0;0;0;0;0;0;0;0;0;0;0;0;0;0;0;0;0;0;0;0;0;0;0;0;0;0;0;0;0;0;0;0;0
M68YD:04028:06658_SUB_SUB;402;0;39;0;0;2;0;0;194;0;148;0;0;0;0;0;0;0;0;0;0;0;0;0;0;0;0;0;0;0;0;0;0;0;0;0;0;0;1;0;0;0;18;0;0;0;0;0;0;0;0;0;0;0;0;0;0;0;0;0;0;0;0;0;0;0;0;0;0;0;0;0;0;0;0;0;0;0;0;0;0;0;0;0;0
M68YD:00787:05834_SUB_SUB;312;0;39;4;0;3;0;0;150;3;109;0;0;0;0;0;0;0;0;0;0;0;0;0;0;0;0;0;0;0;0;0;0;0;0;0;0;0;0;0;0;0;1;0;0;0;0;0;0;0;0;0;0;0;0;0;0;0;0;0;0;0;0;0;0;0;0;0;0;0;0;0;0;0;0;0;0;0;0;0;0;0;3;0;0
M68YD:04477:06471_SUB_SUB;355;0;29;7;0;2;0;0;175;0;137;0;0;0;0;0;0;0;0;0;0;0;0;0;0;0;0;0;0;0;0;0;0;0;0;0;0;0;0;0;0;0;0;0;0;0;0;0;0;0;0;0;0;0;0;0;0;0;0;0;0;0;0;0;0;0;0;0;0;0;0;2;0;0;0;0;0;0;0;0;0;1;2;0;0
M68YD:04562:06686_SUB_SUB;127;5;19;2;0;13;0;0;57;0;31;0;0;0;0;0;0;0;0;0;0;0;0;0;0;0;0;0;0;0;0;0;0;0;0;0;0;0;0;0;0;0;0;0;0;0;0;0;0;0;0;0;0;0;0;0;0;0;0;0;0;0;0;0;0;0;0;0;0;0;0;0;0;0;0;0;0;0;0;0;0;0;0;0;0
M68YD:01622:04104_SUB_SUB;308;1;37;0;0;55;0;0;111;0;104;0;0;0;0;0;0;0;0;0;0;0;0;0;0;0;0;0;0;0;0;0;0;0;0;0;0;0;0;0;0;0;0;0;0;0;0;0;0;0;0;0;0;0;0;0;0;0;0;0;0;0;0;0;0;0;0;0;0;0;0;0;0;0;0;0;0;0;0;0;0;0;0;0;0
M68YD:00679:06076_SUB_SUB;128;0;0;0;0;0;0;0;0;0;0;0;0;0;27;0;0;0;0;0;0;0;0;0;4;22;0;0;3;0;0;0;4;0;0;0;0;0;0;0;0;0;10;0;0;0;14;0;0;9;0;0;0;0;0;0;0;0;0;0;0;0;1;0;0;0;0;0;0;0;0;0;0;0;0;25;0;0;0;0;0;0;8;0;1
M68YD:05200:02733_SUB_SUB;128;0;0;0;0;0;0;0;0;0;0;0;0;0;0;0;0;0;0;0;0;1;0;0;0;0;0;0;0;2;0;0;0;0;0;0;0;0;1;0;0;8;57;0;0;0;47;0;0;8;0;0;0;0;0;0;0;0;0;0;0;0;4;0;0;0;0;0;0;0;0;0;0;0;0;0;0;0;0;0;0;0;0;0;0
M68YD:04038:06843_SUB_SUB;435;0;0;6;11;0;15;2;0;14;0;0;0;0;0;0;0;0;0;0;0;0;0;0;0;0;0;0;0;0;0;0;0;0;0;0;0;101;0;0;0;0;0;0;0;8;0;0;0;0;0;0;0;0;0;0;0;0;0;0;0;0;0;0;173;0;0;50;40;15;0;0;0;0;0;0;0;0;0;0;0;0;0;0;0
M68YD:01058:02379_SUB_SUB;263;0;0;0;4;0;1;0;4;0;0;0;0;0;0;0;0;0;0;0;0;0;0;0;0;0;0;0;0;0;0;0;0;0;0;0;0;0;0;0;0;0;0;0;0;0;0;0;0;0;0;0;0;0;0;0;0;0;0;0;0;0;0;0;248;0;0;0;0;6;0;0;0;0;0;0;0;0;0;0;0;0;0;0;0
M68YD:00202:02148_SUB_SUB;404;0;0;0;0;0;0;4;0;10;0;0;0;0;0;0;0;0;0;0;0;0;0;0;0;0;0;0;0;0;0;0;0;0;0;0;0;0;0;0;0;0;0;0;0;0;0;0;0;1;0;0;0;0;0;7;0;0;0;0;0;0;0;0;346;0;0;0;0;36;0;0;0;0;0;0;0;0;0;0;0;0;0;0;0
M68YD:01261:03647_SUB_SUB;117;0;3;2;0;1;8;0;46;0;56;0;0;0;0;0;0;0;0;0;0;0;0;0;0;0;0;0;0;0;0;0;0;0;0;0;0;0;0;0;0;0;0;0;0;0;0;0;0;0;0;0;0;0;0;0;0;0;0;0;0;0;0;0;0;0;0;0;0;0;1;0;0;0;0;0;0;0;0;0;0;0;0;0;0
M68YD:03273:04525_SUB_SUB;1545;0;0;0;0;0;0;0;0;2;0;28;0;10;220;9;0;0;1;5;13;0;25;0;4;527;0;0;26;40;28;2;3;3;0;14;0;24;24;0;0;12;71;0;6;13;54;3;0;25;0;0;1;1;0;58;4;2;203;0;0;0;12;0;0;5;0;0;0;0;0;0;0;5;0;8;0;6;0;0;0;0;47;0;1
M68YD:02801:02810_SUB_SUB;1694;0;0;0;0;0;0;0;0;1;0;24;0;12;397;2;1;0;2;10;21;1;39;0;5;495;0;0;56;41;51;0;4;3;0;18;0;14;16;0;0;12;81;0;2;11;71;1;0;15;0;0;0;1;4;67;3;0;114;0;0;0;14;0;0;3;0;0;0;0;0;2;0;3;0;8;0;3;1;0;0;0;64;0;1
M68YD:00125:02121_SUB_SUB;459;0;0;0;0;0;0;0;2;2;0;0;0;26;5;1;2;0;0;0;1;0;10;0;3;10;0;0;0;0;11;0;0;2;0;2;0;1;4;0;0;0;12;3;1;58;2;0;0;0;0;0;0;0;4;22;8;0;4;0;0;0;0;1;139;9;0;3;0;1;15;26;0;0;0;0;0;0;0;0;6;0;63;0;0
M68YD:00077:05238_SUB_SUB;462;0;0;0;0;0;0;0;2;3;0;1;1;23;2;0;0;0;0;1;1;0;4;0;1;6;0;0;0;0;9;0;0;7;0;2;0;1;1;1;0;0;13;1;0;42;0;0;0;0;0;0;0;0;2;18;5;0;6;0;1;0;0;0;204;16;0;0;0;1;8;15;0;0;0;0;0;0;0;0;0;0;64;0;0
M68YD:00817:06150_SUB_SUB;11773;58;229;37;16;3;11;6;1499;157;853;13;1;108;37;23;6;0;2;7;1625;0;517;0;12;262;0;0;353;0;60;1;0;32;0;4;0;37;83;12;1;86;746;76;88;259;100;2;24;64;0;1;0;0;43;190;33;1;261;0;248;0;35;1;1119;165;1;111;487;54;101;513;6;0;1;119;0;4;0;0;12;0;755;0;2
M68YD:03492:05207_SUB_SUB;468;3;7;2;1;0;1;3;51;6;35;2;0;6;3;0;1;0;0;0;37;0;23;0;0;8;0;0;6;0;1;0;0;2;0;0;0;1;1;1;0;6;24;7;1;10;1;0;0;7;0;0;0;0;0;8;2;0;14;0;14;0;5;0;51;4;1;5;29;3;4;24;1;0;0;4;0;0;0;0;1;0;41;0;0
M68YD:02750:02756_SUB_SUB;146;0;1;1;0;0;0;0;14;2;8;0;0;0;0;0;0;0;0;1;32;0;5;0;0;5;0;0;3;0;2;0;0;1;0;0;0;1;0;0;0;0;7;1;2;6;2;0;1;1;0;0;0;0;0;5;0;0;2;0;5;0;1;1;13;1;0;2;7;1;0;4;0;0;0;4;0;0;0;0;0;0;4;0;0
M68YD:04949:06106_SUB_SUB;1781;0;9;0;0;0;1;0;34;89;20;1;0;4;46;2;4;1;0;1;46;0;22;0;4;203;0;0;19;56;10;0;4;0;0;0;3;33;9;0;1;13;95;1;13;16;32;1;0;32;0;0;0;2;0;15;31;6;55;0;2;0;4;4;69;71;0;0;0;6;9;19;28;24;0;248;1;0;3;1;4;0;346;3;5
M68YD:03783:06542_SUB_SUB;1237;0;2;0;0;0;1;0;29;102;23;1;2;7;44;3;1;1;0;0;33;4;8;0;0;124;0;0;20;32;5;0;1;0;0;2;0;11;9;0;0;4;65;1;7;5;11;1;0;9;0;0;1;1;0;12;12;1;18;0;7;0;5;3;48;49;0;0;0;5;6;9;19;9;0;170;1;0;2;0;0;0;289;2;0
M68YD:03218:06026_SUB_SUB;24571;4;54;0;0;0;10;10;268;1463;129;141;4;106;1119;81;50;26;22;82;624;44;350;0;138;2537;41;2;380;2096;112;0;45;38;0;69;45;447;418;3;2;249;2390;26;170;224;454;4;0;409;1;0;14;41;4;298;757;74;1097;0;29;1;50;137;1093;1538;11;343;0;87;159;335;126;153;0;1394;1;10;31;10;19;8;1802;34;28
M68YD:04216:06604_SUB_SUB;1035;0;0;0;0;0;0;1;10;64;4;3;1;2;51;6;9;0;2;2;10;0;20;0;3;64;2;1;9;120;5;2;3;1;0;3;2;19;9;0;0;10;94;4;4;8;13;0;0;17;0;0;0;3;0;8;29;2;41;0;4;0;5;6;57;58;0;14;0;1;6;19;4;5;0;72;0;0;2;0;2;0;117;1;1
M68YD:00646:04707_SUB_SUB;2570;0;0;0;0;0;0;0;0;0;0;19;0;0;110;0;0;0;8;0;81;6;0;0;15;375;0;0;0;17;0;0;1;0;1;0;3;75;32;0;3;0;97;0;57;22;38;0;0;14;0;0;0;0;0;0;0;0;819;0;14;0;3;0;21;40;6;264;0;29;71;239;0;1;0;24;0;0;0;0;0;0;65;0;0
M68YD:00936:03064_SUB_SUB;113;0;0;0;0;0;0;0;0;0;0;1;0;0;2;0;0;0;0;0;3;1;0;0;0;18;0;0;0;0;0;0;0;0;0;0;0;4;1;0;0;0;7;0;4;0;1;0;0;1;0;0;0;0;0;0;0;0;38;0;0;0;0;0;0;1;0;11;0;0;4;11;0;0;0;1;0;0;0;0;0;0;4;0;0
M68YD:00643:00770_SUB_SUB;8106;22;106;22;3;4;12;4;1001;128;834;11;1;84;41;18;4;0;0;6;999;0;262;0;2;165;0;0;378;0;47;0;0;35;0;0;0;12;48;4;1;33;550;53;46;169;43;0;20;30;0;0;0;0;39;138;13;0;81;0;159;0;18;0;1017;117;7;68;190;22;82;308;1;0;0;65;0;2;0;0;3;0;578;0;0
M68YD:04083:00500_SUB_SUB;19631;3;19;0;0;0;8;3;195;1568;177;83;3;100;1268;41;27;29;16;49;473;33;246;0;67;1798;15;0;444;1560;109;4;24;73;1;34;17;230;181;3;3;197;2359;17;128;198;259;3;4;155;0;0;14;49;2;279;392;91;422;0;24;0;46;51;1120;1183;6;203;0;79;127;245;63;103;0;1162;0;7;32;4;6;5;1645;32;15
M68YD:05056:05812_SUB_SUB;118;0;0;0;0;0;0;0;1;12;0;0;0;0;1;0;7;0;0;0;2;0;4;0;0;21;1;0;0;14;0;0;0;0;0;0;1;2;2;0;0;1;4;0;0;0;1;0;0;4;0;0;0;0;0;3;3;0;17;0;0;0;1;1;2;7;0;0;0;0;0;2;1;0;0;1;0;0;1;0;0;0;0;0;1
M68YD:05144:05227_SUB_SUB;392;1;5;0;1;0;0;0;45;8;49;1;0;4;2;0;0;0;0;0;34;0;14;0;1;7;0;0;12;0;2;0;0;0;0;0;0;1;3;0;0;5;25;3;0;6;0;0;0;1;0;0;0;0;3;3;0;0;1;0;9;0;1;0;64;4;0;3;9;1;2;20;0;0;0;6;0;0;0;0;0;0;36;0;0
M68YD:01321:04383_SUB_SUB;1944;0;0;0;0;0;1;1;3;64;1;4;0;43;14;9;4;0;0;2;5;0;46;0;6;129;0;0;1;0;25;0;0;16;0;1;0;10;51;1;0;12;122;10;0;99;6;0;0;3;0;0;0;0;5;97;13;1;97;0;2;0;0;2;434;91;2;5;0;7;47;115;0;0;0;11;0;1;0;0;7;0;318;0;0
M68YD:00227:01227_SUB_SUB;1110;0;0;0;0;0;0;0;12;84;2;0;0;6;60;4;3;1;0;1;13;0;14;0;1;88;1;0;12;103;10;0;0;4;0;0;1;13;8;1;1;10;140;0;2;2;18;0;0;17;0;0;1;6;0;21;20;0;30;0;2;0;4;3;74;47;1;5;0;6;3;15;6;3;0;90;0;1;0;0;1;1;137;0;1
M68YD:00039:06225_SUB_SUB;253;0;0;0;0;0;0;0;4;16;0;3;0;1;10;1;1;0;1;2;5;1;11;0;1;24;0;0;3;15;0;0;0;0;0;1;2;2;6;0;0;3;12;0;3;3;8;0;0;4;0;0;0;0;0;5;8;3;13;0;0;0;1;2;10;22;1;4;0;1;1;3;0;3;0;13;0;0;0;0;0;0;20;0;0
M68YD:00718:02782_SUB_SUB;113;0;0;0;0;0;0;0;0;0;0;1;0;0;5;0;0;0;0;0;2;0;0;0;0;15;0;0;0;0;0;0;0;0;0;0;0;3;0;0;0;0;2;0;4;0;1;0;0;2;0;0;0;0;0;0;0;0;44;0;0;0;0;0;0;1;0;19;0;0;1;9;0;0;0;2;0;0;0;0;0;0;2;0;0
M68YD:00820:00886_SUB_SUB;120;0;0;0;0;0;0;0;1;6;1;0;0;0;7;1;0;0;0;0;3;1;0;0;0;8;1;0;2;14;0;0;0;1;0;0;0;1;0;0;0;2;19;0;1;2;1;0;0;0;0;0;0;0;0;1;0;2;1;0;0;0;0;0;5;7;0;3;0;0;1;1;0;1;0;8;0;0;0;0;0;0;18;0;0
M68YD:00893:05943_SUB_SUB;549;0;0;0;0;0;0;0;5;33;5;3;0;3;43;1;1;0;0;0;8;2;10;0;1;41;1;0;10;42;4;1;0;0;0;0;0;8;5;0;1;8;78;0;4;4;8;0;0;3;0;0;0;0;0;9;10;0;11;0;0;0;0;1;28;50;1;4;0;1;1;3;1;2;0;39;0;0;0;0;0;0;52;1;2
M68YD:01455:00997_SUB_SUB;111;0;0;0;0;0;0;0;1;15;0;0;0;2;8;0;0;0;0;1;5;0;0;0;0;6;0;0;5;6;0;0;0;0;0;1;0;1;1;0;0;1;12;0;0;2;4;0;0;1;0;0;0;0;0;5;1;1;0;0;0;0;0;0;5;4;1;1;0;0;2;0;0;0;0;12;0;0;0;0;0;0;7;0;0
M68YD:01096:01775_SUB_SUB;101;0;0;0;0;0;0;0;0;20;0;0;0;0;3;1;0;0;0;0;1;0;2;0;1;7;0;0;2;10;1;0;0;0;0;0;0;0;2;0;0;0;8;0;0;0;0;0;0;4;0;0;0;1;0;1;1;0;6;0;0;0;1;0;1;7;0;1;0;0;0;7;0;2;0;8;0;0;0;0;1;0;2;0;0
M68YD:03438:02883_SUB_SUB;1269;0;2;0;0;0;0;0;5;59;0;5;0;29;16;2;1;0;0;3;4;0;27;0;4;79;0;0;1;0;23;0;0;20;0;3;0;1;12;0;0;7;80;8;0;43;6;0;0;0;0;0;0;0;3;63;7;0;30;0;1;0;0;0;321;61;0;1;0;3;32;47;0;0;0;5;0;0;0;0;2;0;253;0;0
M68YD:00406:00974_SUB_SUB;146;0;0;0;0;0;0;0;3;14;1;1;0;1;6;1;0;2;0;0;3;0;2;0;0;10;0;0;1;10;0;0;0;0;0;1;0;3;1;0;0;0;24;0;0;0;4;0;0;2;0;0;0;0;0;1;9;0;3;0;0;0;0;1;6;17;0;1;0;0;0;0;0;0;0;7;0;0;0;0;0;0;11;0;0
M68YD:05254:01351_SUB_SUB;111;0;0;0;0;0;0;0;1;7;1;2;0;0;3;1;2;0;0;0;2;1;1;0;1;7;0;0;2;16;1;0;0;0;0;0;1;1;1;0;0;3;6;0;0;0;3;0;0;3;0;0;0;0;0;2;2;0;7;0;0;0;0;0;4;7;1;2;0;1;1;0;0;1;0;4;0;0;0;0;0;0;12;0;1
M68YD:02698:00548_SUB_SUB;213;0;0;0;0;0;0;0;1;7;1;2;0;1;8;1;3;0;0;0;4;0;3;0;3;40;1;0;0;15;1;0;1;0;0;0;1;1;2;0;0;0;8;0;0;0;1;0;0;8;0;0;0;0;0;8;7;3;35;0;1;0;0;3;4;7;0;1;0;0;0;13;0;1;0;10;0;0;0;0;0;0;7;0;0
M68YD:04039:07143_SUB_SUB;114;0;0;0;0;0;0;0;1;8;1;0;0;1;6;2;0;0;0;1;4;0;2;0;1;11;0;0;4;7;0;0;0;0;0;0;0;3;1;0;0;2;13;0;0;0;1;0;0;1;0;0;0;1;0;0;1;0;2;0;0;0;2;0;5;7;0;1;0;0;1;1;0;0;0;7;0;0;0;0;0;0;16;0;0
M68YD:01212:02364_SUB_SUB;129;0;0;0;0;0;1;3;0;4;0;0;0;0;0;0;0;0;0;0;0;0;0;0;0;0;0;0;0;0;0;0;0;0;0;0;0;33;0;0;0;0;0;0;0;2;0;0;0;0;0;0;0;0;0;0;0;0;0;0;0;0;0;0;86;0;0;0;0;0;0;0;0;0;0;0;0;0;0;0;0;0;0;0;0
M68YD:04430:06712_SUB_SUB;101;0;0;0;0;0;0;0;0;0;0;0;0;0;0;0;0;0;0;0;0;0;0;0;0;0;0;0;0;0;0;0;0;0;0;0;0;0;0;0;0;0;0;0;0;0;0;0;0;0;0;0;0;0;0;0;0;0;0;0;0;0;0;0;101;0;0;0;0;0;0;0;0;0;0;0;0;0;0;0;0;0;0;0;0
M68YD:03895:07332_SUB_SUB;114;3;0;0;1;0;0;0;23;0;31;0;0;0;0;0;0;0;0;0;0;0;0;0;0;0;0;0;0;0;0;0;0;0;0;0;0;0;0;0;0;0;46;0;0;0;0;0;0;0;0;0;0;0;0;0;0;0;0;0;0;0;0;1;0;0;0;0;0;0;3;6;0;0;0;0;0;0;0;0;0;0;0;0;0
M68YD:01140:03757_SUB_SUB;119;7;1;0;0;0;0;0;25;2;32;0;0;0;0;0;0;0;0;0;0;0;0;0;0;0;0;0;0;0;0;0;0;0;0;0;0;0;2;0;0;0;41;0;0;0;0;0;0;0;0;0;1;0;0;0;0;0;0;0;0;0;0;2;0;0;0;0;0;0;0;6;0;0;0;0;0;0;0;0;0;0;0;0;0
M68YD:04031:06958_SUB_SUB;801;0;0;0;0;0;0;0;0;0;0;0;0;0;0;0;0;0;0;0;0;0;0;0;0;0;0;0;0;0;0;735;0;0;0;0;0;1;1;0;1;0;6;0;0;27;1;0;0;0;0;3;0;0;0;0;0;0;10;0;1;0;10;0;0;0;0;1;0;0;0;4;0;0;0;0;0;0;0;0;0;0;0;0;0
M68YD:04946:06417_SUB_SUB;249;0;4;0;0;0;0;3;0;0;0;0;0;0;0;0;25;0;0;2;0;0;0;0;0;0;0;0;0;4;2;0;1;0;0;0;0;0;1;0;0;0;0;0;0;6;51;0;0;0;0;0;0;1;0;0;0;0;20;0;39;0;10;0;0;0;0;80;0;0;0;0;0;0;0;0;0;0;0;0;0;0;0;0;0
M68YD:00848:06202_SUB_SUB;155;0;22;0;0;0;0;0;79;6;43;0;0;0;0;0;0;0;0;0;0;0;0;0;0;0;0;0;0;0;0;0;0;0;0;0;0;0;0;0;0;0;0;0;0;0;0;0;0;0;0;0;0;0;0;0;0;0;0;0;0;0;0;0;0;4;0;0;0;1;0;0;0;0;0;0;0;0;0;0;0;0;0;0;0
M68YD:00610:00586_SUB_SUB;331;0;38;0;0;1;0;0;176;53;63;0;0;0;0;0;0;0;0;0;0;0;0;0;0;0;0;0;0;0;0;0;0;0;0;0;0;0;0;0;0;0;0;0;0;0;0;0;0;0;0;0;0;0;0;0;0;0;0;0;0;0;0;0;0;0;0;0;0;0;0;0;0;0;0;0;0;0;0;0;0;0;0;0;0
M68YD:03699:06040_SUB_SUB;235;0;0;0;0;0;0;0;0;0;0;0;0;0;0;0;0;0;0;0;0;1;0;0;0;0;0;0;0;234;0;0;0;0;0;0;0;0;0;0;0;0;0;0;0;0;0;0;0;0;0;0;0;0;0;0;0;0;0;0;0;0;0;0;0;0;0;0;0;0;0;0;0;0;0;0;0;0;0;0;0;0;0;0;0
M68YD:04023:06931_SUB_SUB;106;0;0;0;0;0;0;0;0;0;0;0;0;0;0;0;0;0;0;0;0;0;0;0;0;0;0;0;106;0;0;0;0;0;0;0;0;0;0;0;0;0;0;0;0;0;0;0;0;0;0;0;0;0;0;0;0;0;0;0;0;0;0;0;0;0;0;0;0;0;0;0;0;0;0;0;0;0;0;0;0;0;0;0;0
M68YD:01290:04269_SUB_SUB;113;0;0;0;0;0;0;0;0;0;0;0;0;0;0;0;0;0;0;0;0;0;0;0;0;0;0;0;0;0;0;0;0;0;0;0;0;0;2;0;0;3;105;0;0;0;0;0;0;0;0;0;0;0;0;0;0;0;3;0;0;0;0;0;0;0;0;0;0;0;0;0;0;0;0;0;0;0;0;0;0;0;0;0;0
M68YD:04187:06435_SUB_SUB;102;0;0;0;0;0;0;0;0;0;0;0;0;0;0;0;0;0;0;0;0;0;0;0;0;0;0;0;0;0;0;0;0;0;0;0;0;0;0;0;0;0;0;0;0;0;0;0;0;0;0;0;0;0;0;0;0;0;0;0;0;0;0;0;0;0;0;102;0;0;0;0;0;0;0;0;0;0;0;0;0;0;0;0;0
M68YD:04019:06884_SUB_SUB;139;0;0;0;0;0;0;0;0;0;0;0;0;0;0;0;0;0;0;0;0;0;0;0;0;0;0;0;0;0;0;0;0;0;0;0;0;0;0;0;0;0;0;0;0;0;0;0;0;0;0;0;0;0;0;0;0;0;0;0;0;0;0;0;0;0;0;0;0;0;0;0;0;0;0;139;0;0;0;0;0;0;0;0;0