id;count;sample:E00944164-S0001plqA-A0000Rep1_IonCode_0230;sample:E00944165-S0001plqA-A0000Rep1_IonCode_0231;sample:E00944166-S0001plqA-A0000Rep1_IonCode_0232;sample:E00944168-S0001plqA-A0000Rep1_IonCode_0233;sample:E00944194-S0001plqA-A0000Rep1_IonCode_0234;sample:E00944196-S0001plqA-A0000Rep1_IonCode_0236;sample:E00944200-S0001plqA-A0000Rep1_IonCode_0237;sample:E00944201-S0001plqA-A0000Rep1_IonCode_0238;sample:E00944203-S0001plqA-A0000Rep1_IonCode_0240;sample:E00944205-S0001plqA-A0000Rep1_IonCode_0242;sample:E00944206-S0001plqA-A0000Rep1_IonCode_0243;sample:E00944208-S0001plqA-A0000Rep1_IonCode_0244;sample:E00944209-S0001plqA-A0000Rep1_IonCode_0245;sample:E00944211-S0001plqA-A0000Rep1_IonCode_0247;sample:E00944213-S0001plqA-A0000Rep1_IonCode_0248;sample:E00944215-S0001plqA-A0000Rep1_IonCode_0249;sample:E00944217-S0001plqA-A0000Rep1_IonCode_0250;sample:E00944218-S0001plqA-A0000Rep1_IonCode_0251;sample:E00944563-S0001plqA-A0000Rep1_IonCode_0266;sample:E00944564-S0001plqA-A0000Rep1_IonCode_0267;sample:E00963480-S0001plqA-A0000Rep1_IonCode_0203;sample:E00963481-S0001plqA-A0000Rep1_IonCode_0204;sample:E00963489-S0001plqA-A0000Rep1_IonCode_0206;sample:E00963503-S0001plqA-A0000Rep1_IonCode_0207;sample:E00963513-S0001plqA-A0000Rep1_IonCode_0209;sample:E00963678-S0001plqA-A0000Rep1_IonCode_0211;sample:E00963717-S0001plqA-A0000Rep1_IonCode_0269;sample:E00963721-S0001plqA-A0000Rep1_IonCode_0270;sample:E00963722-S0001plqA-A0000Rep1_IonCode_0271;sample:E00963725-S0001plqA-A0000Rep1_IonCode_0272;sample:E00963727-S0001plqA-A0000Rep1_IonCode_0274;sample:E00963728-S0001plqA-A0000Rep1_IonCode_0275;sample:E00963729-S0001plqA-A0000Rep1_IonCode_0276;sample:E00963732-S0001plqA-A0000Rep1_IonCode_0278;sample:E00963734-S0001plqA-A0000Rep1_IonCode_0280;sample:E00963736-S0001plqA-A0000Rep1_IonCode_0282;sample:E00963738-S0001plqA-A0000Rep1_IonCode_0283;sample:E00963739-S0001plqA-A0000Rep1_IonCode_0284;sample:E00963744-S0001plqA-A0000Rep1_IonCode_0252;sample:E00963749-S0001plqA-A0000Rep1_IonCode_0253;sample:E00963754-S0001plqA-A0000Rep1_IonCode_0254;sample:E00963758-S0001plqA-A0000Rep1_IonCode_0255;sample:E00963760-S0001plqA-A0000Rep1_IonCode_0256;sample:E00963814-S0001plqA-A0000Rep1_IonCode_0257;sample:E00963840-S0001plqA-A0000Rep1_IonCode_0285;sample:E00963849-S0001plqA-A0000Rep1_IonCode_0287;sample:E00963851-S0001plqA-A0000Rep1_IonCode_0288;sample:E00963858-S0001plqA-A0000Rep1_IonCode_0290;sample:E00963860-S0001plqA-A0000Rep1_IonCode_0291;sample:E00963861-S0001plqA-A0000Rep1_IonCode_0292;sample:E00963863-S0001plqA-A0000Rep1_IonCode_0294;sample:E00963872-S0001plqA-A0000Rep1_IonCode_0215;sample:E00963876-S0001plqA-A0000Rep1_IonCode_0216;sample:E00963878-S0001plqA-A0000Rep1_IonCode_0217;sample:E00963882-S0001plqA-A0000Rep1_IonCode_0218;sample:E00963888-S0001plqA-A0000Rep1_IonCode_0220;sample:E00982243-S0001plqA-A0000Rep1_IonCode_0258;sample:E00982245-S0001plqA-A0000Rep1_IonCode_0259;sample:E00982261-S0001plqA-A0000Rep1_IonCode_0260;sample:E00982269-S0001plqA-A0000Rep1_IonCode_0262;sample:E00982274-S0001plqA-A0000Rep1_IonCode_0264;sample:E00982275-S0001plqA-A0000Rep1_IonCode_0265;sample:E00982461-S0001plqA-A0000Rep1_IonCode_0221;sample:E00982463-S0001plqA-A0000Rep1_IonCode_0222;sample:E00982468-S0001plqA-A0000Rep1_IonCode_0225;sample:E00982473-S0001plqA-A0000Rep1_IonCode_0227;sample:E00982474-S0001plqA-A0000Rep1_IonCode_0228;sample:E00982498-S0001plqA-A0000Rep1_IonCode_0295
P8S2G:04553:06452_SUB_SUB;6841;4122;0;0;1;176;0;28;6;0;218;98;1376;5;4;24;0;90;686;0;0;0;0;0;0;0;0;0;0;0;0;0;0;0;0;0;0;0;0;1;0;0;0;0;0;0;0;0;0;0;0;0;0;0;0;3;3;0;0;0;0;0;0;0;0;0;0;0;0
P8S2G:00862:06250_SUB_SUB;7065;2605;0;0;0;309;0;146;54;0;593;246;1233;0;4;74;0;204;1586;0;0;0;0;0;0;0;1;0;0;0;0;0;0;0;0;0;0;0;0;0;3;0;0;3;0;0;0;0;0;0;0;0;0;0;0;3;1;0;0;0;0;0;0;0;0;0;0;0;0
P8S2G:00233:03449_SUB_SUB;522;399;0;0;0;3;0;62;0;0;9;5;1;0;3;0;0;7;32;0;0;0;0;0;0;0;0;0;0;0;0;0;0;0;0;0;0;0;0;0;1;0;0;0;0;0;0;0;0;0;0;0;0;0;0;0;0;0;0;0;0;0;0;0;0;0;0;0;0
P8S2G:00057:05916_SUB_SUB;2891;221;0;0;0;235;0;44;0;0;299;345;388;0;3;1;0;146;1206;0;0;0;0;0;0;0;0;0;0;0;0;0;0;0;0;0;0;0;0;0;0;0;0;0;0;0;0;0;0;0;0;0;0;0;0;1;0;0;0;0;0;0;0;0;0;0;2;0;0
P8S2G:00177:06139_SUB_SUB;405;255;0;0;0;24;0;3;0;0;16;7;44;0;1;1;0;6;47;1;0;0;0;0;0;0;0;0;0;0;0;0;0;0;0;0;0;0;0;0;0;0;0;0;0;0;0;0;0;0;0;0;0;0;0;0;0;0;0;0;0;0;0;0;0;0;0;0;0
P8S2G:05160:01495_SUB_SUB;567;334;0;0;0;24;0;0;1;0;25;30;55;0;2;9;0;7;79;0;0;0;0;0;0;0;0;0;0;0;0;0;0;0;0;0;0;0;0;0;0;0;0;0;0;0;0;0;0;0;0;0;0;0;0;1;0;0;0;0;0;0;0;0;0;0;0;0;0
P8S2G:00707:04426_SUB_SUB;821;15;73;42;0;0;0;82;0;0;0;0;0;0;4;16;2;0;4;0;0;2;2;0;0;0;0;0;15;1;0;0;0;0;0;16;0;0;3;210;165;24;1;32;15;1;6;0;82;0;0;3;0;0;1;0;0;2;2;0;0;0;0;0;0;0;0;0;0
P8S2G:04789:02292_SUB_SUB;143;97;0;0;0;4;0;0;0;0;6;1;16;2;0;0;0;2;15;0;0;0;0;0;0;0;0;0;0;0;0;0;0;0;0;0;0;0;0;0;0;0;0;0;0;0;0;0;0;0;0;0;0;0;0;0;0;0;0;0;0;0;0;0;0;0;0;0;0
P8S2G:05254:05238_SUB_SUB;987;0;47;19;3;0;0;657;0;0;5;0;0;0;3;9;0;0;24;0;0;0;0;0;0;0;0;0;0;1;0;0;0;0;0;0;0;0;0;114;55;0;0;13;34;1;0;0;0;0;0;0;0;0;0;1;0;0;0;0;1;0;0;0;0;0;0;0;0
P8S2G:03607:04670_SUB_SUB;213;116;0;0;0;9;0;0;3;0;12;11;10;0;0;3;0;5;44;0;0;0;0;0;0;0;0;0;0;0;0;0;0;0;0;0;0;0;0;0;0;0;0;0;0;0;0;0;0;0;0;0;0;0;0;0;0;0;0;0;0;0;0;0;0;0;0;0;0
P8S2G:02769:00808_SUB_SUB;345;144;0;0;0;16;0;8;2;0;22;12;46;0;0;2;0;11;80;0;0;0;0;0;0;0;0;0;0;0;0;0;0;0;0;0;0;0;0;0;0;0;0;0;0;0;0;0;0;0;0;0;0;0;0;2;0;0;0;0;0;0;0;0;0;0;0;0;0
P8S2G:03526:06180_SUB_SUB;154;14;0;0;0;17;0;2;0;0;15;22;10;0;0;1;0;12;61;0;0;0;0;0;0;0;0;0;0;0;0;0;0;0;0;0;0;0;0;0;0;0;0;0;0;0;0;0;0;0;0;0;0;0;0;0;0;0;0;0;0;0;0;0;0;0;0;0;0
P8S2G:00240:03553_SUB_SUB;2171;24;0;0;25;4;0;7;0;0;0;6;0;0;0;3;0;4;7;0;1;0;0;3;0;0;0;0;0;8;0;11;0;0;1;53;1;0;3;789;767;164;25;177;0;0;5;0;72;0;0;0;0;0;0;0;0;5;6;0;0;0;0;0;0;0;0;0;0
P8S2G:03913:07461_SUB_SUB;143;1;0;0;1;1;0;1;0;0;0;0;0;0;0;0;0;0;1;0;0;0;0;0;0;0;0;0;0;1;0;0;0;0;0;1;0;0;0;35;79;9;0;9;0;0;0;0;4;0;0;0;0;0;0;0;0;0;0;0;0;0;0;0;0;0;0;0;0
P8S2G:04012:06478_SUB_SUB;232;131;0;0;0;4;0;1;0;0;4;3;63;0;0;0;0;8;18;0;0;0;0;0;0;0;0;0;0;0;0;0;0;0;0;0;0;0;0;0;0;0;0;0;0;0;0;0;0;0;0;0;0;0;0;0;0;0;0;0;0;0;0;0;0;0;0;0;0
P8S2G:04069:06669_SUB_SUB;1452;326;724;275;0;0;19;18;75;0;0;0;0;0;0;5;0;2;5;0;0;0;0;0;0;0;0;0;0;0;0;0;0;0;0;0;0;0;0;1;0;0;0;0;0;0;0;0;0;0;0;0;0;0;0;2;0;0;0;0;0;0;0;0;0;0;0;0;0
P8S2G:04122:07015_SUB_SUB;1461;90;233;238;0;0;0;528;54;0;0;0;2;0;88;115;11;0;101;0;0;0;0;0;0;0;0;0;0;0;0;0;0;0;0;0;0;0;0;0;0;0;0;0;0;0;0;0;0;0;0;0;0;0;0;1;0;0;0;0;0;0;0;0;0;0;0;0;0
P8S2G:04157:06531_SUB_SUB;2254;304;178;126;4;1;0;533;849;1;0;0;0;14;68;40;1;4;41;0;0;0;0;0;0;0;0;0;0;0;0;0;0;0;0;0;0;3;0;32;44;0;0;0;0;0;0;0;0;0;0;0;0;0;0;3;0;0;0;1;6;0;0;0;1;0;0;0;0
P8S2G:04331:07010_SUB_SUB;328;118;0;0;0;11;0;0;1;0;9;3;85;0;0;1;0;18;82;0;0;0;0;0;0;0;0;0;0;0;0;0;0;0;0;0;0;0;0;0;0;0;0;0;0;0;0;0;0;0;0;0;0;0;0;0;0;0;0;0;0;0;0;0;0;0;0;0;0
P8S2G:04402:06724_SUB_SUB;159;56;53;38;1;0;0;9;0;0;0;0;0;0;0;0;0;0;1;0;0;0;0;0;0;0;0;0;0;0;0;0;0;0;1;0;0;0;0;0;0;0;0;0;0;0;0;0;0;0;0;0;0;0;0;0;0;0;0;0;0;0;0;0;0;0;0;0;0
P8S2G:04464:06895_SUB_SUB;268;40;52;14;1;0;0;30;0;0;0;0;0;0;15;80;0;0;36;0;0;0;0;0;0;0;0;0;0;0;0;0;0;0;0;0;0;0;0;0;0;0;0;0;0;0;0;0;0;0;0;0;0;0;0;0;0;0;0;0;0;0;0;0;0;0;0;0;0
P8S2G:04623:07033_SUB_SUB;373;29;1;6;0;0;0;284;0;0;2;0;0;0;2;2;0;0;46;0;0;0;0;0;0;0;0;0;0;0;0;0;0;0;0;0;0;0;0;0;0;0;0;0;0;0;0;0;0;0;0;0;0;0;0;1;0;0;0;0;0;0;0;0;0;0;0;0;0
P8S2G:00931:06260_SUB_SUB;111;32;0;0;0;2;0;0;1;0;2;1;58;0;0;0;0;10;5;0;0;0;0;0;0;0;0;0;0;0;0;0;0;0;0;0;0;0;0;0;0;0;0;0;0;0;0;0;0;0;0;0;0;0;0;0;0;0;0;0;0;0;0;0;0;0;0;0;0
P8S2G:01075:06006_SUB_SUB;1545;2;0;0;0;0;0;92;4;0;0;0;0;0;9;0;0;3;0;2;0;0;0;0;0;0;0;0;0;0;0;0;0;0;0;0;0;1;0;511;711;70;18;116;3;0;0;0;0;0;0;0;0;0;0;0;1;1;1;0;0;0;0;0;0;0;0;0;0
P8S2G:00093:02153_SUB_SUB;344;132;0;0;0;22;0;9;1;0;28;13;35;0;0;3;0;14;87;0;0;0;0;0;0;0;0;0;0;0;0;0;0;0;0;0;0;0;0;0;0;0;0;0;0;0;0;0;0;0;0;0;0;0;0;0;0;0;0;0;0;0;0;0;0;0;0;0;0
P8S2G:00132:02224_SUB_SUB;235;34;0;0;0;16;0;0;0;0;24;23;110;0;0;0;0;17;11;0;0;0;0;0;0;0;0;0;0;0;0;0;0;0;0;0;0;0;0;0;0;0;0;0;0;0;0;0;0;0;0;0;0;0;0;0;0;0;0;0;0;0;0;0;0;0;0;0;0
P8S2G:00374:02005_SUB_SUB;352;28;0;0;0;24;0;2;0;0;39;89;20;0;1;0;0;15;133;0;0;0;0;0;0;0;0;0;0;0;0;0;1;0;0;0;0;0;0;0;0;0;0;0;0;0;0;0;0;0;0;0;0;0;0;0;0;0;0;0;0;0;0;0;0;0;0;0;0
P8S2G:00417:02414_SUB_SUB;143;19;14;15;0;0;0;45;38;1;0;0;0;0;5;1;0;0;0;0;0;0;0;0;0;0;0;0;0;0;0;0;0;0;0;0;0;0;0;1;3;0;0;0;0;0;0;0;0;0;0;0;0;0;0;0;0;0;0;0;1;0;0;0;0;0;0;0;0
P8S2G:00447:01198_SUB_SUB;263;20;37;21;0;0;0;75;0;0;0;0;0;0;50;37;6;0;16;0;0;0;0;0;0;0;0;0;0;0;0;0;0;0;0;0;0;0;0;0;0;0;0;0;0;0;0;0;0;0;0;0;0;0;0;1;0;0;0;0;0;0;0;0;0;0;0;0;0
P8S2G:00335:04613_SUB_SUB;16098;23;52;4;1;0;0;0;0;0;0;0;0;0;0;0;1;19;3;17;9;0;0;0;1;0;0;0;17;34;0;13;0;45;0;3;0;9;8;6312;6675;990;241;1146;0;6;6;0;136;0;14;3;0;0;1;0;0;192;110;0;3;0;0;0;0;0;0;3;1
P8S2G:00485:05103_SUB_SUB;161;14;33;12;0;0;0;51;10;0;0;0;0;0;9;26;0;0;6;0;0;0;0;0;0;0;0;0;0;0;0;0;0;0;0;0;0;0;0;0;0;0;0;0;0;0;0;0;0;0;0;0;0;0;0;0;0;0;0;0;0;0;0;0;0;0;0;0;0
P8S2G:00143:06104_SUB_SUB;128;10;0;6;0;0;0;77;0;0;1;0;0;0;13;4;0;0;17;0;0;0;0;0;0;0;0;0;0;0;0;0;0;0;0;0;0;0;0;0;0;0;0;0;0;0;0;0;0;0;0;0;0;0;0;0;0;0;0;0;0;0;0;0;0;0;0;0;0
P8S2G:00534:06172_SUB_SUB;3914;17;80;24;0;2;0;888;5;0;0;7;0;0;11;2746;0;1;103;0;0;0;0;0;0;0;0;0;0;0;0;0;0;0;0;0;0;0;0;0;5;0;0;0;21;0;0;0;0;0;0;0;0;0;0;2;0;0;0;0;0;2;0;0;0;0;0;0;0
P8S2G:00551:06279_SUB_SUB;5188;20;5;0;0;0;0;5;0;0;0;0;0;0;2;14;0;4;2;0;0;0;0;0;0;0;0;0;0;0;0;0;0;0;0;0;0;0;0;2385;2082;165;66;386;0;0;0;0;2;0;0;0;0;0;0;6;0;32;12;0;0;0;0;0;0;0;0;0;0
P8S2G:03772:01906_SUB_SUB;315;1;8;2;1;0;0;82;0;0;0;0;0;0;1;209;0;0;8;0;0;0;0;0;0;0;0;0;0;0;0;0;0;0;0;0;0;0;0;0;1;0;0;0;2;0;0;0;0;0;0;0;0;0;0;0;0;0;0;0;0;0;0;0;0;0;0;0;0
P8S2G:04887:01345_SUB_SUB;303;6;244;32;0;0;0;9;4;0;0;0;0;0;3;2;0;0;0;0;0;0;0;0;0;0;0;0;0;0;0;0;0;0;0;0;0;0;0;0;2;0;0;0;0;0;0;0;0;0;0;0;0;0;0;1;0;0;0;0;0;0;0;0;0;0;0;0;0
P8S2G:04786:00554_SUB_SUB;137;27;65;33;1;0;4;2;5;0;0;0;0;0;0;0;0;0;0;0;0;0;0;0;0;0;0;0;0;0;0;0;0;0;0;0;0;0;0;0;0;0;0;0;0;0;0;0;0;0;0;0;0;0;0;0;0;0;0;0;0;0;0;0;0;0;0;0;0
P8S2G:04391:02736_SUB_SUB;590;1;0;0;1;0;0;0;0;0;0;0;0;0;0;0;0;2;0;0;0;0;0;0;0;0;0;0;0;0;0;0;0;0;0;0;0;0;0;279;247;23;3;30;0;0;0;0;0;0;0;0;0;0;0;0;0;0;4;0;0;0;0;0;0;0;0;0;0
P8S2G:03103:02774_SUB_SUB;159;1;0;1;0;0;0;0;0;0;0;0;0;0;0;0;0;0;0;0;0;0;0;0;0;0;0;0;0;0;0;0;0;0;0;1;0;0;0;48;39;35;2;23;0;0;0;0;2;0;0;1;0;0;0;0;0;3;3;0;0;0;0;0;0;0;0;0;0
P8S2G:02800:04515_SUB_SUB;361;1;0;0;1;0;0;0;0;0;0;0;0;0;0;3;0;1;0;0;0;0;0;0;0;0;0;0;0;0;0;0;0;0;0;0;0;0;0;133;170;10;3;36;0;0;0;0;0;0;0;0;0;0;0;0;0;2;0;0;0;0;0;1;0;0;0;0;0
P8S2G:02607:00558_SUB_SUB;293;1;0;0;0;0;0;0;0;0;0;0;0;0;0;0;0;1;0;0;0;0;0;0;0;0;0;0;1;0;0;0;0;0;0;0;0;0;0;95;155;11;6;16;0;0;0;0;3;0;0;0;0;0;0;0;0;3;1;0;0;0;0;0;0;0;0;0;0
P8S2G:04531:06796_SUB_SUB;241;0;161;65;0;0;0;3;0;0;0;0;0;8;0;0;0;0;0;0;0;0;0;0;0;0;0;0;0;0;0;0;0;0;0;0;0;0;0;0;0;0;0;0;4;0;0;0;0;0;0;0;0;0;0;0;0;0;0;0;0;0;0;0;0;0;0;0;0
P8S2G:05088:01858_SUB_SUB;13367;0;47;21;1;0;0;0;0;0;0;0;0;0;0;0;0;7;0;578;47;0;0;0;1;3;43;1;414;2;0;832;0;2483;1;7;23;13;7;2742;2144;237;63;277;0;1896;1042;106;5;47;0;0;12;1;19;4;1;32;26;21;126;7;19;0;0;2;0;0;7
P8S2G:00327:06852_SUB_SUB;1320;0;7;1;0;0;0;0;0;1;0;0;0;0;0;0;0;0;0;1;0;0;0;0;0;0;0;0;2;2;0;4;0;2;0;0;0;0;1;379;704;48;17;107;0;1;1;0;10;0;1;0;0;0;0;1;1;18;10;0;0;0;0;0;0;0;0;1;0
P8S2G:00680:03128_SUB_SUB;210;0;10;0;0;0;0;194;0;0;0;0;0;0;0;2;0;0;4;0;0;0;0;0;0;0;0;0;0;0;0;0;0;0;0;0;0;0;0;0;0;0;0;0;0;0;0;0;0;0;0;0;0;0;0;0;0;0;0;0;0;0;0;0;0;0;0;0;0
P8S2G:00952:05042_SUB_SUB;866;0;3;3;0;0;0;0;0;0;0;0;0;0;0;0;0;0;0;63;3;0;0;0;0;0;1;0;28;0;0;45;0;110;0;0;0;0;0;148;159;13;6;31;0;163;66;6;0;5;0;0;1;0;0;0;0;1;2;1;6;1;1;0;0;0;0;0;0
P8S2G:03481:06431_SUB_SUB;434;0;2;5;0;0;0;0;0;0;0;0;0;0;0;0;0;0;1;0;0;0;0;0;0;0;0;0;4;0;0;0;0;0;0;7;0;0;0;180;179;20;3;29;0;0;0;0;4;0;0;0;0;0;0;0;0;0;0;0;0;0;0;0;0;0;0;0;0
P8S2G:00084:01919_SUB_SUB;516;0;2;1;0;0;0;0;0;0;0;0;0;0;0;0;0;0;0;4;1;0;0;0;0;0;0;0;4;0;0;29;0;71;0;0;2;0;0;148;61;4;0;7;0;151;21;6;0;1;0;0;3;0;0;0;0;0;0;0;0;0;0;0;0;0;0;0;0
P8S2G:02278:07112_SUB_SUB;597;0;2;2;0;0;0;0;0;0;0;0;0;0;0;0;0;1;0;22;2;0;0;0;0;0;0;0;14;0;1;31;0;142;0;0;1;0;1;85;94;32;5;16;0;91;44;5;0;0;0;0;0;0;0;0;0;1;1;1;2;1;0;0;0;0;0;0;0
P8S2G:02029:02251_SUB_SUB;494;0;0;0;1;0;0;0;0;0;0;0;0;0;0;0;0;2;0;0;0;0;0;0;0;0;0;0;0;0;0;0;0;0;0;0;0;0;0;171;222;33;5;54;0;0;0;0;0;0;0;0;0;0;0;0;0;2;4;0;0;0;0;0;0;0;0;0;0
P8S2G:04274:06599_SUB_SUB;210;0;0;0;0;0;0;210;0;0;0;0;0;0;0;0;0;0;0;0;0;0;0;0;0;0;0;0;0;0;0;0;0;0;0;0;0;0;0;0;0;0;0;0;0;0;0;0;0;0;0;0;0;0;0;0;0;0;0;0;0;0;0;0;0;0;0;0;0
P8S2G:04363:06753_SUB_SUB;103;0;0;0;0;0;0;83;0;0;0;0;0;0;20;0;0;0;0;0;0;0;0;0;0;0;0;0;0;0;0;0;0;0;0;0;0;0;0;0;0;0;0;0;0;0;0;0;0;0;0;0;0;0;0;0;0;0;0;0;0;0;0;0;0;0;0;0;0
P8S2G:04092:06515_SUB_SUB;111;0;0;0;0;0;0;0;0;0;0;0;111;0;0;0;0;0;0;0;0;0;0;0;0;0;0;0;0;0;0;0;0;0;0;0;0;0;0;0;0;0;0;0;0;0;0;0;0;0;0;0;0;0;0;0;0;0;0;0;0;0;0;0;0;0;0;0;0
P8S2G:00879:05053_SUB_SUB;666;0;0;0;0;0;0;0;0;0;0;0;0;0;0;0;0;2;0;4;0;0;0;0;0;0;0;0;0;0;0;1;0;0;0;0;0;0;1;237;295;60;8;46;0;0;0;0;7;0;0;0;0;0;0;0;0;3;2;0;0;0;0;0;0;0;0;0;0
P8S2G:03013:06682_SUB_SUB;103;0;0;0;0;0;0;0;0;0;0;0;0;0;0;0;0;1;0;0;0;0;0;0;0;0;0;0;0;1;0;0;0;0;0;0;0;0;0;41;33;11;4;9;0;0;0;0;3;0;0;0;0;0;0;0;0;0;0;0;0;0;0;0;0;0;0;0;0
P8S2G:00955:06089_SUB_SUB;107;0;0;0;0;0;0;0;0;0;0;0;0;0;0;0;0;0;0;4;0;0;0;0;0;0;0;0;3;0;0;7;0;22;0;1;0;0;0;20;15;4;0;3;0;9;16;0;0;1;0;0;0;0;0;0;0;1;0;0;1;0;0;0;0;0;0;0;0
P8S2G:01306:04961_SUB_SUB;1232;0;0;0;0;0;0;0;0;0;0;0;0;0;0;0;0;0;0;1;2;0;0;0;0;0;0;0;4;13;0;0;0;0;0;0;0;0;0;506;525;63;20;63;0;0;0;0;1;0;0;0;0;0;0;0;0;25;8;0;1;0;0;0;0;0;0;0;0
P8S2G:03701:03326_SUB_SUB;109;0;0;0;0;0;0;0;0;0;0;0;0;0;0;0;0;0;0;2;2;0;0;0;0;0;1;0;0;0;0;7;0;51;0;0;0;0;0;11;7;0;0;1;0;11;8;5;0;0;0;0;0;0;0;0;0;0;0;2;1;0;0;0;0;0;0;0;0
P8S2G:04306:02189_SUB_SUB;111;0;0;0;0;0;0;0;0;0;0;0;0;0;0;0;0;0;0;0;1;0;0;0;0;0;0;0;0;0;0;0;0;1;0;0;0;0;0;47;48;2;4;7;0;0;0;0;0;0;0;0;0;0;0;0;0;1;0;0;0;0;0;0;0;0;0;0;0
P8S2G:00542:00649_SUB_SUB;110;0;0;0;0;0;0;0;0;0;0;0;0;0;0;0;0;0;0;0;0;0;0;0;0;0;0;0;1;2;0;0;0;0;0;0;0;0;0;35;57;5;1;4;0;0;0;0;1;0;0;0;0;0;0;0;0;2;2;0;0;0;0;0;0;0;0;0;0
P8S2G:04884:01952_SUB_SUB;117;0;0;0;0;0;0;0;0;0;0;0;0;0;0;0;0;0;0;0;0;0;0;0;0;0;0;0;5;0;0;17;0;40;0;0;0;0;0;31;3;2;1;2;0;5;8;0;0;0;0;0;0;0;0;0;0;1;0;0;1;1;0;0;0;0;0;0;0
P8S2G:01997:07439_SUB_SUB;101;0;0;0;0;0;0;0;0;0;0;0;0;0;0;0;0;0;0;0;0;0;0;0;0;0;0;0;0;0;0;1;0;0;0;0;0;0;0;38;42;11;0;5;0;0;0;0;0;0;0;0;0;0;0;0;0;2;2;0;0;0;0;0;0;0;0;0;0
P8S2G:00702:05776_SUB_SUB;104;0;0;0;0;0;0;0;0;0;0;0;0;0;0;0;0;0;0;0;0;0;0;0;0;0;0;0;0;0;0;0;0;97;0;0;0;0;0;0;0;0;0;0;0;0;0;0;0;0;0;0;0;0;0;0;0;0;0;0;7;0;0;0;0;0;0;0;0
P8S2G:00037:04590_SUB_SUB;101;0;0;0;0;0;0;0;0;0;0;0;0;0;0;0;0;0;0;0;0;0;0;0;0;0;0;0;0;0;0;0;0;0;0;0;0;0;0;25;56;2;0;12;0;0;0;0;1;0;0;0;0;0;0;0;0;4;1;0;0;0;0;0;0;0;0;0;0